date,price,temperature,rainfall,demand_index
2021-01-01,21.03882614511193,20.229421236327937,92.46267343122985,0.9451607081275326
2021-01-02,19.39285075246382,19.055914846146436,74.37465192323154,1.0427728766619708
2021-01-03,19.275204563971975,16.959978339113018,76.93418112701374,0.9797724364231577
2021-01-04,19.552466100813085,22.220899386021483,87.3491591990911,1.0514836385792952
2021-01-05,20.442421056517677,19.31898784358926,85.12505375767559,1.0479200308787298
2021-01-06,18.97012242217016,24.581016879115545,96.17240484195185,1.0249579518216114
2021-01-07,20.508472573518056,22.749637169861238,104.63401878444475,0.9289007741754579
2021-01-08,21.06548846988043,19.58579674017899,102.45426362471443,1.0581008914860761
2021-01-09,21.833717756809936,19.941844326869706,94.65535556195013,1.0525567179724962
2021-01-10,20.992500760542654,24.986790532531472,84.9197064593399,1.0513832517925812
2021-01-11,19.566837222713595,21.544412548145765,93.04985383214027,1.0440423319978445
2021-01-12,21.145023776868445,20.855644641785705,96.07817831332397,0.9937059975520435
2021-01-13,20.025264225396977,22.10648837563933,77.88919842645727,1.0951690385246793
2021-01-14,20.056662408653878,21.183389829934075,73.92532624262824,1.0892912886416648
2021-01-15,19.90066022648977,22.86882461427583,71.45879155577177,0.9939634143589566
2021-01-16,19.44051279568691,22.401885708125345,70.24158707370529,1.116785409549125
2021-01-17,20.87262761973513,24.470597536364075,65.04931909769255,1.0609751032385906
2021-01-18,22.656300907449953,22.107676122327838,81.22357274182846,1.0641533342333804
2021-01-19,23.871090138708986,21.2795795131836,68.57379926103062,1.0521664781103237
2021-01-20,21.127763150121726,22.514727223676473,70.57441075092844,1.0603542625092202
2021-01-21,22.873720024740226,22.66506119949304,85.25207511715269,1.1360495393343113
2021-01-22,21.478798292645266,23.38169359137573,79.87712914192956,1.1223889736652002
2021-01-23,20.307886995004804,24.96632600502118,82.17049174843197,1.1245372627601053
2021-01-24,22.74425929266411,25.016451997379914,91.33067408413544,1.0863608988759903
2021-01-25,22.362254032825433,26.41419724377687,86.12122773342658,1.1247561840179143
2021-01-26,24.0289876210227,22.54895667065612,92.45339493471172,1.0417230668204347
2021-01-27,20.7591994807694,25.10519617160653,77.84481547173722,1.1157272674349896
2021-01-28,25.172179417037334,25.936933111445537,92.93546380870167,1.0819714667496336
2021-01-29,24.04946867770241,23.28706189640478,80.17948628959874,0.989719804810154
2021-01-30,22.520745627017085,24.37207629519313,78.02586515197866,1.0164416850820595
2021-01-31,22.320239959001366,21.437799753162178,90.70294374316336,1.0656061710275344
2021-02-01,21.982544850391903,26.900424828772515,67.10729368473687,1.1224918879878563
2021-02-02,22.886810676015546,24.803159669015763,95.79833130846403,1.0715791320564116
2021-02-03,22.67108970228252,26.993180068744998,72.46724592027063,1.0780451974384244
2021-02-04,23.445971979418708,25.936452167435224,62.82559343966388,1.148650108727266
2021-02-05,22.714142120437284,25.29668710496143,81.25270969328525,1.0855897452857393
2021-02-06,24.498965058765666,22.622397135833037,70.64816770406394,1.1827004167924808
2021-02-07,23.283679465970263,23.117361648174754,94.37590977409715,1.1772015243831595
2021-02-08,22.9755673226499,20.898476332467776,69.47814008071295,1.1227894400515912
2021-02-09,24.329520323983726,25.095240518751364,76.6338922838315,1.16208242227109
2021-02-10,21.754637874253135,30.91082041526427,58.90876438019389,1.1579484828958546
2021-02-11,23.789136157452038,23.910400831313815,80.96227020879795,1.117442648409026
2021-02-12,23.543744427620826,21.353482415582967,64.720891277548,1.175408656797063
2021-02-13,22.176367563758944,28.66977402750052,79.08303752341921,1.1853338265361153
2021-02-14,26.818937405151935,31.597963410830072,67.51477334599835,1.0897887919052134
2021-02-15,24.732636638199814,27.59042540103608,50.970854714060835,1.1475690973263666
2021-02-16,24.751073801759567,27.694031012257664,72.38772512851355,1.1494565155851633
2021-02-17,24.025778621113922,26.616676235671623,71.56948681807351,1.1872097810317177
2021-02-18,25.63374289127465,23.765655768619737,79.13915940762679,1.1248904870703302
2021-02-19,24.420828620344047,24.5682970414786,85.50566765732063,1.1195064009004898
2021-02-20,25.29133436180403,26.949551425988588,88.68106397552936,1.1601111447112702
2021-02-21,28.65937682598977,26.67723758877989,77.80402479625468,1.2129509265394662
2021-02-22,23.885669689751886,27.57261265516787,71.54850911021657,1.0960903144436585
2021-02-23,23.162197032350544,29.56810621542409,54.08325614290708,1.106948823684499
2021-02-24,23.673369185970618,26.849935217912723,69.96563680207757,1.134246972236406
2021-02-25,24.075573023789584,29.81482410288283,69.67834690824039,1.1451789581973946
2021-02-26,29.321872368897214,27.064186113218604,65.12086618419333,1.076016170538607
2021-02-27,25.210772690358706,30.388185449389592,73.01019960571942,1.241143889618919
2021-02-28,24.823411096415008,28.578919190491632,77.46789172950079,1.16160835155944
2021-03-01,25.414095365201717,27.626510233432253,57.62829195398432,1.1559581920965072
2021-03-02,25.1212035070715,28.72622770385581,57.031298821858044,1.2528846685569315
2021-03-03,24.90421938475481,28.087485862980834,63.532478549449124,1.2093809457021099
2021-03-04,23.19079912421426,28.985185526802375,58.32294034575732,1.1484072471621811
2021-03-05,25.874495122578498,30.35688749646858,47.608244491141434,1.1850438942540804
2021-03-06,24.321394884771266,28.745382267764185,53.59623875473961,1.1763094126730858
2021-03-07,25.91169462588376,28.25717099081487,50.77632548830752,1.2523437167769125
2021-03-08,26.050279355524065,26.8231057182047,74.71753120406422,1.1730315524763475
2021-03-09,24.235600747371322,30.299635920436764,79.19104191089271,1.1107226205441563
2021-03-10,25.89457251917911,29.906257329971798,50.73457891297777,1.090333052203062
2021-03-11,24.621720938640085,26.911531133936922,66.67232657508518,1.2592664040861736
2021-03-12,28.18538864672695,31.009360844070773,69.46611140969128,1.1473367108764534
2021-03-13,25.311753524292136,27.002192514214283,45.32443520843703,1.2214817943700447
2021-03-14,25.37245452630525,31.514407456739214,61.3700520131494,1.192707449021181
2021-03-15,25.15883409682666,30.88629181732557,84.60567148471368,1.1693785638651177
2021-03-16,23.816886117403573,30.401679311115196,65.54947873257676,1.178254594468225
2021-03-17,25.059202279877162,28.857307520388936,55.82990377959876,1.2713948508509367
2021-03-18,27.48717841646268,30.808958941881453,52.1834886599119,1.1207448160988147
2021-03-19,22.451315380455515,31.853383208997432,37.06087581566912,1.1746900228325052
2021-03-20,26.130242716090514,30.92570839394055,61.48820712641597,1.2401483790686691
2021-03-21,26.341366640884594,28.437983371604094,75.7576072514346,1.1314124178788185
2021-03-22,23.948184632071893,30.347878667427022,47.63810991514569,1.2621254344432011
2021-03-23,24.857930170350915,32.108808140110995,35.910097917472235,1.2415072491380996
2021-03-24,24.346030054026585,34.271690785053266,48.1145397395618,1.2110596727354141
2021-03-25,27.218627852748646,29.48889900187514,63.06220631629337,1.1728286538037573
2021-03-26,26.484136313867445,31.637988306442182,49.449377868382825,1.1278661341243885
2021-03-27,26.547514908934495,32.21114010910816,45.016759470794014,1.2341958760854939
2021-03-28,29.461846604201295,28.33437996349226,52.899097451509824,1.3366160459536303
2021-03-29,26.733716815290418,33.53740636720452,54.48986136862088,1.206759621417474
2021-03-30,33.219314511535885,27.853984843388748,37.793608295301155,1.1083848136945178
2021-03-31,26.800407683408974,31.610471142462785,48.988831457397,1.222725826754274
2021-04-01,25.300146085787233,30.60832457889304,45.67280678386328,1.242966848966038
2021-04-02,24.77571178196751,30.11105851735822,43.720062656406505,1.1541055263524411
2021-04-03,27.27053355960563,35.092833149444665,39.44232442383525,1.1677077354264778
2021-04-04,25.441882642771652,29.39295233621997,58.50896940254073,1.162540344700157
2021-04-05,24.565598669682704,29.354105970393118,42.13648906234677,1.1732077497738223
2021-04-06,24.55495190683699,32.64212922344951,28.115293658387664,1.1909752764591761
2021-04-07,28.38431838758826,31.490196573715266,50.19268635984166,1.156286724926159
2021-04-08,26.304968906532856,32.515250952924085,54.2873905647457,1.1372291751525283
2021-04-09,25.357421369291853,30.16630725735637,38.56180135997621,1.2073701391372338
2021-04-10,27.748529295964357,30.545025873958874,40.41293190613446,1.1890897108055059
2021-04-11,26.629566133485824,33.68864712831255,39.00780084537669,1.1759234295406273
2021-04-12,25.691878879913123,28.187573340476913,41.521917620635314,1.2013491158288416
2021-04-13,26.828530301098194,29.623511431616503,55.54855127216781,1.1205765251180742
2021-04-14,24.917561121757966,31.39264505930579,42.83269162235738,1.209082884478936
2021-04-15,23.545266949002535,29.368383866148008,51.8642385447761,1.1744177001119955
2021-04-16,24.396007925570565,28.580890207724543,33.27694199742018,1.2063981127314514
2021-04-17,25.516896744489923,30.916346855813682,38.627393887645574,1.2135700118757613
2021-04-18,32.69355858504525,32.30631681862448,51.50570900360785,1.2492516736271386
2021-04-19,26.15800447319394,29.30550944426125,33.41317039730731,1.1968912842469048
2021-04-20,25.188791201808762,29.199630724682958,51.096770380015286,1.2440721408288056
2021-04-21,26.039842626022583,28.188239748754853,34.20042043237544,1.1735766589459298
2021-04-22,26.769777347516392,28.83565774709274,36.7793114818702,1.174843353009863
2021-04-23,25.116710880866385,31.536025622614687,56.212202215952395,1.1828298606179026
2021-04-24,25.773764943901018,29.469365051767106,34.67013452341962,1.2248510312415066
2021-04-25,23.436666770390232,27.632925900070358,40.00278141950658,1.2164060982897642
2021-04-26,25.03902415155641,29.70056102124126,44.238079796740685,1.1902703192049684
2021-04-27,23.901065024725057,31.208434322914243,39.866728263232986,1.120734158938617
2021-04-28,25.247005788752773,27.90978669615199,39.68377535152126,1.2113241192532531
2021-04-29,25.305196210351877,26.301182468157965,36.10325721704426,1.1360976264078333
2021-04-30,25.26796297106126,33.26222354604043,23.18562572627365,1.1318165948359127
2021-05-01,24.519938430071385,26.04306333964886,39.23436113898609,1.119078186297823
2021-05-02,27.26200045528144,27.999018059381644,27.97445543701168,1.1701828282017626
2021-05-03,23.65768912860649,29.095678304216456,42.608840532386154,1.2332146405335167
2021-05-04,23.557465021587618,27.998366295009685,48.12829987483139,1.1225964067309548
2021-05-05,26.501223662501904,28.302668884220594,15.913250637400488,1.2529786091293171
2021-05-06,24.100348266503293,29.512931129935556,47.27278952572948,1.2126756070064062
2021-05-07,23.817080306083117,23.480098671813508,28.994900353082013,1.0920407365822506
2021-05-08,27.020602154952694,25.631591571411455,31.371759281603453,1.1441688511802672
2021-05-09,25.658122448428287,28.153318235350106,23.13828212896876,1.1092834759146488
2021-05-10,24.031449770774856,27.153394613878937,33.732995201197305,1.192484345643309
2021-05-11,24.795757181087133,28.115321067338343,32.10800673389896,1.1077218036322225
2021-05-12,26.47529149166289,28.204146978933014,41.806125917308044,1.0739208344205993
2021-05-13,25.17106374490358,23.407046136963444,23.225623836810925,1.1364914337212542
2021-05-14,25.714482592766483,30.073948939623378,46.855976478437626,1.2090030691912148
2021-05-15,25.18091323297679,26.415684342285257,36.509342136062955,1.1386185909775914
2021-05-16,25.25304111638598,25.564549171312862,30.392107119015773,1.1658337039851316
2021-05-17,24.308126264290234,27.59347972867818,27.300869593138923,1.1653969376125444
2021-05-18,24.224266529512107,27.270156556636266,25.67550518072771,1.0655029423843818
2021-05-19,24.423456519783343,29.32619390417905,25.966547769319128,1.093687539019663
2021-05-20,31.967313993880772,27.351480420310196,29.709197420947365,1.136477891255283
2021-05-21,23.757004005235054,28.996860338183936,25.586882196921856,1.1057450236599373
2021-05-22,24.10283572054843,24.67520882123544,20.92990601274472,1.216253998961525
2021-05-23,23.609927950226837,26.704269242780637,28.744828369362256,1.0669948228932682
2021-05-24,23.974498894973703,24.058132731308564,18.309204403537315,1.0802895577575244
2021-05-25,22.545426668834793,26.348197710753837,29.575517335101708,1.1375841329666527
2021-05-26,26.33909778308413,25.787664721045456,23.805948458601637,1.08893014575582
2021-05-27,22.93598614268349,25.563257672522926,32.69679926107002,0.9729654205109843
2021-05-28,23.24240061476219,25.440667574319978,35.320295506912366,1.2114885150515557
2021-05-29,22.718681918496078,27.06867156447096,35.02370298821227,1.058202583170711
2021-05-30,24.086910941867796,22.23768507140135,28.032659403993026,1.1370927238422204
2021-05-31,23.20764760956734,23.507724756050987,28.922084520883516,1.043476451071179
2021-06-01,22.371504444982044,25.079480256668177,21.075959861785538,1.060060732849021
2021-06-02,23.923092433453224,22.655091955515257,30.817179253937297,1.0191017125550934
2021-06-03,23.98801268346624,24.95495528348899,31.69080049828481,1.060194871408584
2021-06-04,23.058921213892052,24.60989003425649,7.86526771607911,1.0620178106623452
2021-06-05,22.390907516160215,21.75155364497942,27.082644663032337,1.0845530548344469
2021-06-06,30.07018841923994,21.498857550996394,36.74899627106166,1.0694753147512766
2021-06-07,23.250069330373,19.00242692859701,19.281301357210232,1.0129240766457195
2021-06-08,24.94931613656872,21.65221948879239,16.88328749953939,1.055676200345928
2021-06-09,24.1769918442851,23.964549282985868,18.22278629757849,1.1510685886700338
2021-06-10,21.832765076607252,24.089455297921404,7.173496755893238,1.1419611203113837
2021-06-11,25.355446993918754,24.020936426554577,23.291163149253705,1.095127097591688
2021-06-12,22.61771942088125,21.900285501372576,22.148332648746592,1.1022774248711553
2021-06-13,23.475358447178007,23.257477854202325,23.64464306374703,1.1689228365016733
2021-06-14,20.305517643832236,23.925559627841174,25.668230928435072,1.0911837911665903
2021-06-15,21.024423212277487,20.4310570937326,13.371063332527582,1.0915520568815755
2021-06-16,23.565012995756796,23.04896490077324,23.934011300428097,0.977816983734166
2021-06-17,22.471142529269173,23.949617350950252,25.493561328419993,0.9971015704836944
2021-06-18,24.11750732511875,21.488677545163593,16.045787920097492,1.047769920246127
2021-06-19,22.48170345638265,24.42752536300533,25.00762986552187,1.0056890227924102
2021-06-20,22.062900816940022,21.200340466748024,21.49891148055196,0.9928064187368008
2021-06-21,23.55193843979009,20.246607187689616,14.274027494717238,0.9952116255471029
2021-06-22,22.768969927853256,22.911348214361464,23.316608151628472,0.9647747850360562
2021-06-23,21.482773865416295,25.694657668318087,17.493154579718095,0.9929921782836009
2021-06-24,25.909076774546296,21.62869920697437,27.29122662103288,1.0461316171245199
2021-06-25,19.147125222497415,22.55729738275325,17.858016602330924,1.1155658318147506
2021-06-26,21.00062936580577,20.09915562902126,7.289946769264057,1.06218091056002
2021-06-27,20.171348653864623,18.462135058579936,22.80422868284225,1.0507151242154116
2021-06-28,23.874637039401698,21.106396084136097,22.383997380563894,0.9343006266267724
2021-06-29,20.545695442758937,21.250932717233752,9.243062837867626,1.0180074907242593
2021-06-30,20.437402159397607,19.714400149282984,27.533137701286158,1.0052564514360491
2021-07-01,19.51284732654702,21.52029743831434,26.99220890603945,1.0197007428929856
2021-07-02,20.68671765592074,18.777909949258245,11.301309301762949,0.9836870259038647
2021-07-03,20.207430085914346,18.10975749940964,13.404848215912919,1.0813824376729957
2021-07-04,22.528637227608797,21.863101458701003,18.589924414389394,0.9974750877694647
2021-07-05,20.878364994392335,21.700472923037957,12.439255236556722,0.9989067211459375
2021-07-06,20.620069590514657,18.129181014670714,26.458405814961015,0.8898353332844989
2021-07-07,20.413394849750084,22.663836188475013,21.579684395521646,0.9791889200560913
2021-07-08,21.25349117110321,18.480419116767507,9.198787368683384,1.038555617538092
2021-07-09,19.934376798757025,19.052975658070974,11.962893458421757,1.005446978982713
2021-07-10,20.973465206268934,18.543213141777336,32.12687217468532,0.8664708175223285
2021-07-11,21.83997383612807,19.589528465692617,35.67619766004316,0.9483564069587138
2021-07-12,20.606039945607066,18.914772858216722,25.78755177377537,1.054033570780447
2021-07-13,19.816435788547054,18.71825846590769,18.375968635288565,0.9565146468408113
2021-07-14,19.03317638006022,15.994147838624464,16.186296065085273,0.9767862211768412
2021-07-15,19.632271436453948,14.487666212022672,26.1888393997946,1.038246281276406
2021-07-16,20.39155052281951,19.981263354199605,21.565655225597006,0.9462081588765322
2021-07-17,18.217361755678,16.43888619731116,4.828990754124042,0.9901470569017081
2021-07-18,20.503215294069246,17.26527832585297,31.380254554611,0.9678366953123165
2021-07-19,27.003657472134098,17.8512910677874,34.660051983836354,0.9752113081356764
2021-07-20,19.367246743873828,20.290891013963634,28.72352268377432,0.9596182189869754
2021-07-21,18.780051383869864,17.19164543992675,10.592352769974967,0.9099970978870954
2021-07-22,18.886579887907985,15.916320051906503,15.306110237740619,0.9117284259839604
2021-07-23,19.884244478111643,15.496788110718953,3.271479634196961,0.8881487284474371
2021-07-24,19.08321982025605,16.308149010218447,37.991808518720156,0.845671797910532
2021-07-25,18.635320206701607,14.404190808679129,18.65487105159422,0.9866849024930392
2021-07-26,19.53061211008919,16.121848679733354,45.75431412493951,0.9217860930127673
2021-07-27,19.496409983414026,15.802401034927762,42.18105756995596,0.9778368173630987
2021-07-28,21.010430935664274,19.03305049759276,13.809940139568639,0.9932685657353217
2021-07-29,19.413886774824505,15.427609879313207,15.985020799942857,0.9145671171753781
2021-07-30,21.27216474531815,11.59195674281771,27.9610761304309,0.843144204713777
2021-07-31,19.168823251006184,20.635426864054317,5.993138212661691,0.895958691172604
2021-08-01,16.92962925961288,17.050940391225293,19.40319571788196,0.8691882782401059
2021-08-02,18.73616632461067,19.152279353733412,18.65919235703653,0.8007441143580954
2021-08-03,16.658872670727053,12.524736115872505,42.81512954243697,0.8717010765503856
2021-08-04,21.588721431254495,14.249045955868084,26.183951168259618,0.8902771297643878
2021-08-05,20.589472494281218,15.896398097582132,22.0039390680948,0.8587856925036371
2021-08-06,17.62111520515372,15.476890120467157,18.82205005791187,0.8495048931703905
2021-08-07,15.975471461484542,14.87615273567586,34.37004937320553,0.8213687553124873
2021-08-08,17.277702551444847,9.722926040074158,20.7623819294475,0.8922390569592192
2021-08-09,17.910888944935664,10.558880452622144,25.533789069784056,0.9731386515158276
2021-08-10,16.26671325814362,16.882194218494465,19.959613100364596,0.9408742744098918
2021-08-11,17.8971634120246,17.103030919781034,11.496714270637252,0.9069287814801813
2021-08-12,17.71714776954693,13.366150284761574,17.039884143968585,0.9053595132992392
2021-08-13,17.969372911017466,16.229291376721914,22.315483504172654,0.8623365713452267
2021-08-14,18.01432585587031,11.272905825578071,25.044333501222884,0.7761615681929412
2021-08-15,16.760515352737766,11.603413798292479,25.830938592357555,0.8453737336315619
2021-08-16,16.815179825815463,10.86262708740393,27.490788508196534,0.8128798702559971
2021-08-17,17.657674113934164,11.244324807550933,23.854323350556108,0.8666181154458307
2021-08-18,16.925623301746242,14.268622882285623,42.59997671377788,0.9181253524617454
2021-08-19,18.409706997984816,10.979719713008235,38.9622585498315,0.9527589686951256
2021-08-20,17.484784495524725,17.06726597136977,28.511108601065672,0.8549866493893075
2021-08-21,19.26166909633743,13.393472937374792,32.790535256468495,0.7661088176347306
2021-08-22,18.166039374318512,14.530167965084747,26.91867418858395,0.8503560799499903
2021-08-23,18.399293662555397,13.23104075192974,2.6020447438617786,0.849515999872261
2021-08-24,17.379316792571213,14.572040750131414,31.64478803138515,0.876812222510567
2021-08-25,17.35644718237722,10.302171363096752,34.90446152304668,0.8398036497234355
2021-08-26,18.883920848304452,14.829067613189668,16.135539073690374,0.8420299244338451
2021-08-27,16.729016859233393,12.116497256723717,37.67536219539419,0.8050893518164639
2021-08-28,17.61000836054569,14.154990234698385,30.299711492304347,0.8191340610997742
2021-08-29,16.75413507074536,8.761617099061267,36.91404845780502,0.8584765254570318
2021-08-30,16.710118654847385,11.908675839686092,31.464836777869785,0.7305260027222122
2021-08-31,15.769492885509147,11.747255736065062,46.91723037760302,0.8132711377668433
2021-09-01,16.156775008893504,10.130105789542002,37.11345656419526,0.8617665727898132
2021-09-02,15.93319895503694,11.909174472401311,45.32330459384829,0.9076951833084124
2021-09-03,17.41930778905549,14.279091656267672,46.598729259737944,0.804080736998781
2021-09-04,17.8299193150762,9.727122055778828,25.012460555552757,0.8816570245152908
2021-09-05,22.70052214171835,12.965315805060788,29.27848595665012,0.9053333341239154
2021-09-06,16.95284891854023,8.711595864460142,41.649348689888036,0.8000597194819293
2021-09-07,16.539505494423825,15.112842888342755,33.94626892893115,0.7899686473395658
2021-09-08,15.85130594981005,12.393364376279482,35.68764787896034,0.807379551283525
2021-09-09,17.49580941383141,14.207327442586209,51.41497161370634,0.8110442663082266
2021-09-10,17.258915038569583,12.03688172780774,35.92466051316122,0.8683963471851801
2021-09-11,14.68804728321888,11.41241289250441,29.82128285997733,0.7739374717654338
2021-09-12,16.273085281812644,12.15825444706763,31.65793661609844,0.8883510431271894
2021-09-13,15.651164758731712,10.24348927316994,62.30782635425383,0.7702898063612548
2021-09-14,16.12065644718255,7.2275222225789015,39.19321096707759,0.7460425546930327
2021-09-15,15.820979348017259,11.30762052306062,27.826746829390785,0.8344452971804746
2021-09-16,16.426226886437856,8.854287845159003,24.270984891968812,0.8688339117306305
2021-09-17,16.125396349746207,8.117298339000554,36.21793165671428,0.8153452174458328
2021-09-18,16.088268323033855,11.551404370586608,41.00003711861385,0.8273305805725014
2021-09-19,17.53233567517687,9.68167754387693,52.96004015238076,0.902512751774792
2021-09-20,16.969110202441797,12.259271896756479,52.496735010698615,0.866309900747667
2021-09-21,15.696472589799654,8.592852942682038,44.416585239541256,0.8049609604931285
2021-09-22,15.834712517367427,9.198860547334045,40.446765373340526,0.781253025848137
2021-09-23,16.87340510423791,12.413816150279384,48.89435658387732,0.8570174252776013
2021-09-24,16.864849251735492,10.648544682060672,28.522098042610228,0.8432413828726034
2021-09-25,15.764935514600861,7.112775425513577,66.33277095142715,0.8222774642795213
2021-09-26,16.13048277759435,10.564468654713249,53.576451796579946,0.784628253480186
2021-09-27,18.208511531316116,12.995888079635908,56.219610337370035,0.7968487378358243
2021-09-28,15.773866107151697,9.063673502103144,37.32321269775441,0.7930405895960186
2021-09-29,18.271406010533617,11.207318237055482,61.406844763292995,0.7847056177039285
2021-09-30,17.46593553908902,8.305763362814618,44.496219244329794,0.7700333370327294
2021-10-01,18.090832981781777,9.727266863513764,40.087109889564104,0.8132766000664675
2021-10-02,15.740974329249621,12.179763675538965,49.73738244282512,0.7676860872642948
2021-10-03,16.207601616037785,10.44077831571104,50.01993206320293,0.8089152581497452
2021-10-04,15.93458613502602,12.586039613034437,40.37629770164525,0.6951563361411109
2021-10-05,17.519576086148383,10.86625059690008,42.72813616760443,0.7703192073388463
2021-10-06,15.83569136178713,14.46422962332013,42.46053614366183,0.8554514654130713
2021-10-07,17.146620512606976,6.91098330008967,43.070397622362975,0.7557947394973397
2021-10-08,17.10720987672228,9.62343423093855,49.34046132892889,0.8307615166733667
2021-10-09,16.39585942219616,7.908710319236574,39.84452655487908,0.7606913706147597
2021-10-10,17.758997258727568,8.068176700209971,47.33246388237193,0.8408027838221903
2021-10-11,16.585932657756675,8.112138188448057,65.20812703693673,0.7876746641612756
2021-10-12,17.33171663484784,10.490713476581519,63.49903923368467,0.7862729064313173
2021-10-13,16.02376427972417,10.63953716692764,45.274755050197356,0.8064562798730289
2021-10-14,20.25696956074352,11.076428434933666,65.8614885518338,0.737258983342784
2021-10-15,17.295643253395504,8.01287432798669,37.11907787388815,0.8537844499033389
2021-10-16,17.020520635076213,9.650911143488349,81.57693488299961,0.8711588877054854
2021-10-17,16.85960797585409,8.414011343938713,70.7884858334499,0.7888504376192812
2021-10-18,23.239612176273177,12.260465273820424,52.685590071522995,0.8339842517706171
2021-10-19,18.223035343566774,8.697116633718993,62.60227568635154,0.8476985686922217
2021-10-20,15.588131614270386,10.0620105330567,45.261316550157126,0.8052258191243878
2021-10-21,15.565675053133315,11.664649008374784,60.364690440617515,0.7554683648786782
2021-10-22,17.71288621545435,9.370182071585917,58.41049275001101,0.8917328950092132
2021-10-23,17.665910240028445,12.049384601732056,52.38331327106981,0.793606468988975
2021-10-24,17.196054361095886,13.916742635274332,56.52601658045549,0.7840349248234701
2021-10-25,16.59219133951402,11.169710580284704,56.01903872782936,0.8977453390233694
2021-10-26,17.42178218826374,12.661941947283479,50.84540465762357,0.8476773407407434
2021-10-27,18.680761233106352,6.783020094100873,54.05155366491604,0.8314687412423735
2021-10-28,19.517391859613006,10.145587449781866,48.68109269868479,0.7715357928994238
2021-10-29,15.3886795622271,11.449988169262467,72.13547377357528,0.8617439336187512
2021-10-30,16.670742331034635,9.053394743765748,54.69964905017737,0.9680124282873146
2021-10-31,16.653768211293947,11.656381619365751,52.25502353713499,0.8688470421650784
2021-11-01,18.809237698051696,13.44531756482233,73.34044546537537,0.8513131538687088
2021-11-02,14.749885222055783,7.653239161221927,69.067345907246,0.8643018481691441
2021-11-03,17.794749735427907,9.123683353117027,73.85734181876077,0.8136308150360674
2021-11-04,17.075097663408574,11.963442485183588,75.40966686164597,0.8149937823934469
2021-11-05,19.022259617718603,12.609133195222018,86.05507206909557,0.8162436005150275
2021-11-06,18.93865607349239,13.261395216795156,65.54687111382175,0.8069571915701732
2021-11-07,17.857811439789888,12.106388367701925,52.95286841889597,0.8200699449097268
2021-11-08,15.968471488414817,12.909413928284849,70.65580543979873,0.8218724227526187
2021-11-09,17.03138223388098,13.897504849513588,61.66654580926356,0.8295766432069379
2021-11-10,17.199129668032384,11.368125285751587,59.187264356401954,0.8303069282068398
2021-11-11,16.396471071126843,11.088679559147778,70.16173438371821,0.8582676274736973
2021-11-12,18.938055239466557,12.079928653344638,78.21449720645728,0.8522784892146797
2021-11-13,16.391713064242815,12.929255007589274,61.58571352296576,0.8589737051362741
2021-11-14,19.873242393633785,11.329282883957505,83.07232454471784,0.9290314735744271
2021-11-15,23.548656351794566,11.976044984094452,60.809062057261,0.8591079042766431
2021-11-16,17.651656626731615,13.678837318196843,68.63679201182006,0.9682132251836841
2021-11-17,18.43120373487158,13.32091829154296,75.3032803990975,0.8777428115808011
2021-11-18,18.097452685811238,12.75879808213181,67.91923365621636,0.8402264670111246
2021-11-19,19.13960670619696,9.773425191545245,54.38976723070782,0.9325904381857608
2021-11-20,23.409070834493235,13.37663783356013,81.7688669540251,0.8636967129661343
2021-11-21,18.634849186945157,11.573696454632097,66.59848435626296,0.7505898802062971
2021-11-22,18.916955205330176,15.611842401510025,80.61368202891185,0.8727133827302053
2021-11-23,17.899161993856143,13.162090209034305,60.84796176003525,0.8631318584146285
2021-11-24,19.02932961631471,11.922767186403696,62.8727824476003,0.9586319952913914
2021-11-25,18.82912864412016,13.929646582632262,82.74217295053819,0.8361763283578288
2021-11-26,17.829204143979634,16.73339643564637,77.82646373266675,0.8672072044053261
2021-11-27,18.802454109201296,15.594614135378054,70.33183306587983,0.9500416175447992
2021-11-28,18.50964091617583,14.915481169535665,78.55698913686547,0.909233364002685
2021-11-29,18.360478560490446,11.967758166523296,65.74785476519992,0.8838261244436835
2021-11-30,17.90143075557268,18.009044125877143,76.66491680792838,0.8574925952032382
2021-12-01,19.18914801398896,13.670036213407151,77.11436971057049,0.9158530975733307
2021-12-02,18.42564824287477,16.929812324144912,72.34986562848805,0.8997798328070912
2021-12-03,18.81522262711836,14.561935842139288,67.98594548511906,0.8658617687164825
2021-12-04,20.44237292070303,17.03951303593797,77.28460442817206,0.8714976187530366
2021-12-05,20.080969392566324,18.13145477434644,76.26774646256872,0.8696305259296638
2021-12-06,18.552355389386587,16.96851861431075,72.38682973476043,0.8638171008017197
2021-12-07,19.96592305484485,17.33977389339671,66.92638441837758,0.9632629674761535
2021-12-08,19.830340752234285,15.788242135628998,77.60069914137328,0.9596720700898271
2021-12-09,21.483379177315427,15.275433653418302,73.04596281684857,0.9696510415705681
2021-12-10,21.24952228641891,16.579351950664886,67.5276661377259,0.9262800688602916
2021-12-11,25.605324608420766,15.783409766697844,78.49633658697556,0.9171333361747177
2021-12-12,20.898513170988036,21.559178425683847,94.32257424593926,0.9212763145866104
2021-12-13,21.388848943161875,14.802586810095322,74.74135593321147,0.9868011463068325
2021-12-14,20.769753085446883,18.954958186617922,93.54909268433214,0.8480083639689506
2021-12-15,19.962175691902758,18.14956934027193,99.86787279795212,0.9165792082560069
2021-12-16,22.79860312744661,17.740162840906823,69.33508329984771,0.9012410871179581
2021-12-17,21.12464280534608,20.4062392486658,79.09587649014797,1.0169237183061828
2021-12-18,22.538180443698476,18.21002724514286,100.1703207346516,0.9283925706264541
2021-12-19,22.001870864452673,16.510971030473502,78.0411363536254,0.8738162556271779
2021-12-20,21.20361216088021,18.532415755820622,79.73032385666146,0.9701502821386156
2021-12-21,20.249165539310155,17.751376363757103,62.7637134322911,0.9438489482866556
2021-12-22,20.894429400940105,19.29363789581852,74.23998419948515,0.9378949307794563
2021-12-23,20.786543443885044,20.083059056616186,85.19656681660031,0.9361366380308523
2021-12-24,19.884087183784402,16.909036394139207,104.00879999347919,0.9375700066193067
2021-12-25,21.839241350462938,21.188591787012104,77.82239333901529,1.0113864067629617
2021-12-26,22.846844514722232,18.459183335788726,63.213861374832085,0.9905690288384051
2021-12-27,21.07187251176132,20.027579857989892,65.83645334030514,0.9729087524709842
2021-12-28,23.624644365213133,20.546036072618186,79.57101229981461,0.9313275707972191
2021-12-29,19.994318878021996,20.218580709028718,91.73207246917677,0.9812314003859531
2021-12-30,22.697255490273477,19.437566848467405,86.3557588509451,1.006147070555452
2021-12-31,23.405453454626233,18.850671274456317,84.59811381137474,1.0114900511818075
2022-01-01,21.62096941901894,19.462010985393324,93.09144386917596,1.0080442191495886
2022-01-02,21.73001027563629,23.302477426616093,72.79326430108397,0.9573130378897904
2022-01-03,28.93803300441587,18.612483241969343,80.1731692217668,0.8867254926949482
2022-01-04,22.604089446075797,19.077709996306595,74.75618328663032,1.1003048714472472
2022-01-05,20.19160079055209,19.161726621735774,77.21435180467684,0.9482786416550375
2022-01-06,21.436450839147852,21.131155747209792,69.82625170478337,0.9189450618141422
2022-01-07,22.356958939189713,17.98160607449874,76.40036388300767,1.0271461201396919
2022-01-08,21.091342044811693,18.494960736724735,79.50530601127821,0.9386156838183345
2022-01-09,22.07721954413642,20.850878055214128,76.00125856535118,0.9872158169939087
2022-01-10,21.296858678077474,18.96753731604634,78.03006493977291,1.0583042854232978
2022-01-11,22.361295090353998,19.300388823249172,83.6070086370537,1.1228929922599977
2022-01-12,22.48451082189506,19.321730279706564,91.85072586668402,1.0570209323822677
2022-01-13,23.26227717593681,20.35782158041953,92.47376108013344,1.0190629364298798
2022-01-14,22.907848241021327,23.681708143382465,86.86615364168576,1.0418133248804908
2022-01-15,23.5911535510705,24.29814357230166,66.53318677210537,0.9573052553424448
2022-01-16,23.560310483054856,26.391534737599077,75.40133455245979,1.0285330535649797
2022-01-17,24.296130781934835,26.484305292368003,76.12642201649845,1.0319025513104736
2022-01-18,24.226195205363158,24.45744974856698,72.15305734276554,1.0653629196829808
2022-01-19,24.207729958416156,25.104567596164944,81.994839062208,1.1580937255659463
2022-01-20,26.631215736928542,23.474900798295472,62.46634765946769,0.9674141679018609
2022-01-21,23.960017134612897,24.414958699965677,95.17518422066831,1.0471206993400983
2022-01-22,26.29195211474072,27.423967318130057,90.0132451946116,0.9790597472356821
2022-01-23,24.1958411166973,24.439671165020396,82.65626496111281,1.0487767039156093
2022-01-24,27.964996289387553,26.16311121952655,77.05809316601278,1.0339025741928218
2022-01-25,23.57927476381667,22.14617667490271,89.76432159874415,1.0055802824661246
2022-01-26,25.54569381151001,22.839458577606713,84.15857848798775,1.1290933220489523
2022-01-27,25.759381355640095,24.95189512109425,88.11142836613745,1.0993375037026079
2022-01-28,24.800930564666782,24.782156757530885,76.22703707297931,1.1294386498307845
2022-01-29,25.41629812901696,23.395634334218716,94.47524950466581,1.0661273629471955
2022-01-30,30.40403943772064,29.602093569020315,88.00768129792522,1.0922109442341534
2022-01-31,22.895097928287672,25.282943709429503,81.18304463475765,1.1784871420928111
2022-02-01,25.76968160505798,24.20125933415172,88.38855968098137,1.1015981790149652
2022-02-02,24.47526653892473,25.53739372837676,71.37070621469955,1.145080948931082
2022-02-03,25.429328275089,25.430905120606266,63.61324252717323,1.0767282191718235
2022-02-04,24.03988861588202,25.899958227458367,78.22217828563186,1.1462879298017368
2022-02-05,26.49049725116036,22.47958353220911,74.14678571459194,1.0858943832679584
2022-02-06,23.368582695379963,28.391896127671732,72.44420938247026,1.0213389358877762
2022-02-07,23.598048348321132,28.644925710485936,86.28095924847865,1.1185661929961006
2022-02-08,26.501695934287973,29.025410245224226,75.47854040067075,1.098180216892827
2022-02-09,22.520391949221434,26.87133100148127,76.12509384566673,1.0431702817183104
2022-02-10,25.580730372545798,27.6792851292308,69.89417194743399,1.136661102761694
2022-02-11,25.165821809578333,24.753841714335312,81.6443591526185,1.0850495879593303
2022-02-12,24.607221172011364,28.282144839617565,79.51354984921625,1.2869589875715897
2022-02-13,25.212278245574357,27.24801160211733,80.88638738903613,1.0616666120959057
2022-02-14,24.632740343028523,25.94971444095819,66.82558607669517,1.0767643063222265
2022-02-15,27.089547581306736,28.72407265379815,84.4810861817588,1.1833692207427189
2022-02-16,27.417780199770483,28.923464294999945,89.46350846273845,1.1356802304243505
2022-02-17,24.99248260469121,27.357658054308985,79.12558562053623,1.1871889231222934
2022-02-18,26.01760999228846,28.23093538989666,62.235560798957756,1.1661029572876922
2022-02-19,24.479783967546727,25.406286853098425,61.923639096566596,1.1202790611427518
2022-02-20,26.939581201395935,30.069424959214338,65.80320032043052,1.0827065420417308
2022-02-21,26.974083309063005,25.896521892769574,63.51871052136062,1.2074371194131892
2022-02-22,25.69121702264619,26.3921072145494,68.05139093268475,1.0916366609346901
2022-02-23,26.06161334220378,28.03408785842885,74.68101670174019,1.1861344294095635
2022-02-24,26.008039991350707,30.242643450183678,70.844951839676,1.2062221554977777
2022-02-25,24.539237461356535,30.343287856504936,69.55183577271393,1.1559619215999741
2022-02-26,27.758386914112194,28.205116289213876,64.69524128275218,1.1490879338760926
2022-02-27,25.49889989294661,29.857732988165704,65.94206382806584,1.1170478200401106
2022-02-28,25.557942755914468,25.028067157686984,74.21458969496949,1.1912608169621106
2022-03-01,26.218665603175808,27.059530935016177,45.69275098427301,1.017666976751425
2022-03-02,27.414368376741294,27.189738703830827,65.2572382790654,1.2075391086080012
2022-03-03,25.875978558555953,31.178989366815603,67.80527461648867,1.179465087994705
2022-03-04,24.562273304317774,30.068225377258447,72.31106293830948,1.1640375560428644
2022-03-05,25.673339488987285,29.209980651242837,53.92031712190183,1.188928615721865
2022-03-06,27.029047151376734,29.48328359225423,52.93306929343794,1.1097184496953032
2022-03-07,28.8379046360704,32.13298724858268,68.93908690746326,1.0592765395266546
2022-03-08,25.430149097640026,28.729778795013253,43.58850372131353,1.2048315160582252
2022-03-09,25.434138173445838,26.51314526478526,75.4846629584078,1.2486529062463012
2022-03-10,25.257260937744356,31.384103245956954,63.954833400851754,1.09722415894649
2022-03-11,25.17098342659664,29.639094910202086,76.79880357214846,1.1328843328660185
2022-03-12,28.049877604196055,31.245715644560814,49.86022339929865,1.2243836904159568
2022-03-13,28.373968865073856,29.309030964645935,55.88352838785329,1.2059156995857216
2022-03-14,27.090737830716115,27.77858482686364,35.681579272090566,1.337274700300764
2022-03-15,26.477569809334913,30.316208605117488,51.31361220129564,1.2439941767003255
2022-03-16,28.767317919822155,29.582698407401917,56.93954126178168,1.2330181889130334
2022-03-17,27.179556961018005,29.981182404471827,38.65583339283968,1.1540365217747162
2022-03-18,28.12313639763471,32.89054036478338,53.839085790110005,1.2193882773505051
2022-03-19,26.54387066753572,27.50323426374567,37.41208989427562,1.26878346749407
2022-03-20,27.129746130085874,30.312841872676167,54.208868716134404,1.186600552780839
2022-03-21,25.871900062081238,28.140490034739216,67.75055864997381,1.1897089396142748
2022-03-22,27.76078132325163,24.631972756475975,55.42374995798369,1.2033289703846684
2022-03-23,27.343306834533777,29.746807789476474,71.84801843876087,1.1636698292768066
2022-03-24,26.277183979556145,29.935540297939475,62.619707187040156,1.210918064184963
2022-03-25,26.30855532591031,31.146369156775048,67.72768734258102,1.2101851059312547
2022-03-26,28.822069550428402,29.487140597011436,46.08492550782084,1.2724437625426193
2022-03-27,29.192758284931575,26.964178358691573,45.33002411599889,1.189373959253255
2022-03-28,31.68219170734327,28.314326806962065,56.16368246478492,1.2329202265326111
2022-03-29,27.31437843830294,32.60716740445496,36.41583298061376,1.1914867305220287
2022-03-30,27.657291580426037,28.311098352974376,56.38894720063901,1.2316750563202252
2022-03-31,27.4142818143581,33.158951171781844,47.92247026129596,1.1873470794583416
2022-04-01,25.599544789360824,32.09765360494168,63.94545129855325,1.2286273497432385
2022-04-02,27.70782437587134,29.364346188689762,56.92422868968146,1.2364099394016603
2022-04-03,25.19669425867308,28.541008260341982,60.579755421151,1.1466505250780572
2022-04-04,26.55504721217917,32.09128874513473,41.55433004064232,1.2550280271710017
2022-04-05,27.794825724549987,29.506974665663094,59.06246103794433,1.1914520737696057
2022-04-06,27.8895800122518,26.887871329254004,62.51187146016333,1.176093597441771
2022-04-07,26.47822142456136,31.091222258788218,47.16256990628392,1.163831374767333
2022-04-08,26.82708961531657,30.78558000672335,39.641889644348964,1.2139310761250517
2022-04-09,26.68744773733862,32.2079808981037,39.3040899997909,1.1984202854083068
2022-04-10,27.172726156831203,30.610330638655142,58.399688724133775,1.2167631720757752
2022-04-11,27.241593604526038,28.788481948231972,72.34179547389354,1.217246557262392
2022-04-12,27.92820887934826,32.39883917884257,35.17200053318419,1.2276188622602748
2022-04-13,26.73273589701013,32.56324638515751,33.89484894984405,1.3353995162036494
2022-04-14,27.611464650141006,30.262548844425314,53.18742515282574,1.1979073261956905
2022-04-15,27.732068517649033,29.880749335389627,35.929167794437625,1.1584734407978452
2022-04-16,27.408880360517173,27.074639920080404,53.1488121551704,1.0934329727089005
2022-04-17,26.935083092670844,28.46432514554769,47.117759818721886,1.1338217166952835
2022-04-18,27.357998207096184,31.156244769560196,41.72579782015515,1.2544615422504755
2022-04-19,27.910329358330056,28.472617569147562,45.88193972678676,1.2277397887361148
2022-04-20,27.977589850868544,26.623134227517813,44.777389462463915,1.1232368970003395
2022-04-21,28.932180584887764,36.47537137932191,38.688196364465085,1.3128829380523954
2022-04-22,26.103779480645844,26.500799517050833,22.432326316069485,1.2048904525611597
2022-04-23,26.629399340481758,33.88231625582255,41.29708362835349,1.2103921052531033
2022-04-24,25.430150994921497,28.692392421183275,54.75892795572358,1.2983560452044
2022-04-25,27.94746307529332,29.07378122364332,22.46163675995502,1.2718309304800295
2022-04-26,26.65341062394022,27.831279716218745,28.41586537013392,1.222573599003487
2022-04-27,27.16421413250041,30.671720630417944,41.86991151417299,1.223581623060156
2022-04-28,26.32244044217678,26.154009597026672,37.51916048994828,1.22681041527348
2022-04-29,26.56749245869672,25.27773483488075,40.780476252704524,1.1671195015613811
2022-04-30,28.083476718574126,32.10091628505214,29.21483573816026,1.1919511094031086
2022-05-01,27.51929443035366,27.1921772421214,47.37605070391157,1.2047184654984429
2022-05-02,26.677009535887663,30.209239426172587,35.76814566403032,1.1680021340229438
2022-05-03,27.51852455972595,26.46050912670668,41.82102358178496,1.1243574501242046
2022-05-04,27.50151092878701,29.960063783287435,37.6104597450455,1.157557913884532
2022-05-05,26.279819770078586,31.819583571087538,35.72377293118058,1.1196531810753168
2022-05-06,25.160547836456978,27.305012023356138,39.80304782173972,1.1704037244273389
2022-05-07,25.687609366617504,24.396659773667135,34.97035781142195,1.0762479821444564
2022-05-08,25.202161653847067,31.542968341078975,20.779261222493076,1.1803595358145607
2022-05-09,31.689733419475814,29.917288106259228,43.13572491125229,1.0797322644857807
2022-05-10,27.789029535360758,27.014686170283543,40.029590773016366,1.1390629197568727
2022-05-11,27.989623155552593,27.420594444249854,10.371353988546815,1.1823350247397852
2022-05-12,24.334864657858038,25.52753602117104,24.494894815622793,1.1945341438490347
2022-05-13,27.375843974326433,30.479399992789347,41.06316122804156,1.1863956830022837
2022-05-14,28.465525447044726,26.457237059698798,11.978666994280204,1.1665200612300959
2022-05-15,27.313097768053627,24.574803033391017,39.29787009198152,1.0922807364073448
2022-05-16,23.996558152561775,27.722867303889828,28.07019199471921,1.1949419285606355
2022-05-17,27.861682876776584,25.456742413602544,42.51153893543375,1.0887153145099369
2022-05-18,26.079607087667828,24.995806949345557,28.72973176131155,1.1958455130441517
2022-05-19,25.749007027934418,26.072613861345882,21.159305583427884,1.1700414832514807
2022-05-20,26.374962343968058,26.9804447257709,31.106034459184045,1.2040997576323802
2022-05-21,24.81631239849718,23.918419130305846,27.373026908759332,1.1348561970435216
2022-05-22,31.8271718156177,29.321861422515497,19.22668923641277,1.0900930660812658
2022-05-23,27.365703211286892,27.77486655649721,49.18367025110909,1.0637783164393504
2022-05-24,26.306210943502464,25.556902164412886,16.961103774948054,1.0666735961905207
2022-05-25,25.679824471919314,24.34615902703929,3.9212945744863177,1.041218182562315
2022-05-26,25.64772847605222,25.837789726415892,41.85360849462398,1.1674249584918128
2022-05-27,24.312532278163566,27.67672260443618,19.893855445592315,1.1709278981101146
2022-05-28,25.2788734481219,27.226890733442612,22.46182079030066,1.1424394498437076
2022-05-29,23.728650976421115,27.71290122500412,21.557836738474546,1.1102658068783713
2022-05-30,26.318643145097067,24.491649403445866,19.155094501883514,1.2120960595312558
2022-05-31,23.042939758334324,19.457450123225986,16.911847600580618,1.1012385854841864
2022-06-01,26.015212334699974,27.656246305991033,14.335297098000268,1.1142583186103654
2022-06-02,26.07061996806294,24.678025848313048,24.68837998614947,1.097855787022699
2022-06-03,26.340128151270648,26.19505920203023,19.765911314911232,1.0803391380985656
2022-06-04,28.152769725469305,28.050052586019238,30.842181154663844,1.1257806260263274
2022-06-05,25.796161933699832,29.427884201559966,28.126113223121266,1.0595065042414658
2022-06-06,24.64784728138726,23.105544887223314,13.792576258718949,1.0530748655443671
2022-06-07,23.548304582159837,24.517923214026837,23.92941706398165,1.1190735372643785
2022-06-08,26.192512186616103,26.827232509367104,18.450374019664643,1.0569907734350072
2022-06-09,24.49106555366726,22.24734472951868,12.50481648210503,1.0853921567350524
2022-06-10,23.104028508546634,22.6128564644588,29.116572389335836,1.0584751870526168
2022-06-11,23.97175370785905,22.441060150379922,20.818070811680947,1.071765181234621
2022-06-12,23.935736880785498,23.39994249989129,17.773178046069283,1.0354580066108154
2022-06-13,24.748739329246867,22.853837461665368,13.11870237074123,1.0338522588074515
2022-06-14,26.557582688051866,21.943479764845627,11.22909710552367,1.0216348020966513
2022-06-15,24.655982709650015,21.035613361522383,41.2386775934878,1.1015090693477707
2022-06-16,24.262997227992606,24.42618740878275,24.543205806507633,1.0646403767524097
2022-06-17,26.4341036632026,25.312316969212315,10.15028435723454,1.098660639735285
2022-06-18,30.87415126620404,25.4356513931542,23.808364211495952,1.1006737643233855
2022-06-19,24.075777555287992,21.34090958753716,31.42661165095752,1.0230654176893388
2022-06-20,23.26319271838088,23.842658498912506,22.367021341984966,1.0867834323073873
2022-06-21,23.979564525172446,22.43938070339133,34.32613861048229,1.0386285418620438
2022-06-22,23.517442524534673,20.656323160028972,5.060589766092033,1.02801964187115
2022-06-23,23.595469192251585,23.096506566801565,0.4870415394481853,1.0951797574207423
2022-06-24,24.73839840936884,20.224781861107747,22.92574809942654,1.0568482625247464
2022-06-25,22.803418704125416,20.53512856896243,23.014641836760134,1.00812842273733
2022-06-26,23.776835743771986,18.36313066620969,-13.207399195627765,1.0467714672006714
2022-06-27,24.131623738923597,20.016925303305552,13.898597915545594,0.9556217173549606
2022-06-28,29.390243064963336,21.281587210363796,10.003341758414996,1.0278429449036734
2022-06-29,22.198444971339864,23.740001765012924,6.134971558812676,0.9370630779302496
2022-06-30,22.789769242441754,19.723231437641942,9.917358900834992,0.9593844653074972
2022-07-01,22.397462610879202,18.181846108097456,25.96787856067826,1.0343956729588824
2022-07-02,23.930367593184943,23.080807910755134,9.827061013614951,0.8682090995063971
2022-07-03,21.69519673699191,18.904825156944685,10.169889880693617,1.0884041935760003
2022-07-04,22.68437916739301,16.245052285446953,3.8219474561078712,1.0365609479898037
2022-07-05,25.080937168381823,19.835965140228264,32.71687297209136,0.899468897274607
2022-07-06,22.866990146957217,18.748320279783727,24.400757620550582,1.107882274861503
2022-07-07,22.952357748137576,23.82692649303572,-4.833597126779466,1.1182278987776084
2022-07-08,23.452998746611136,20.00536457052245,10.311958035333877,0.9720680670870735
2022-07-09,21.74875589896617,18.590725221473388,25.472781430863918,0.9313437453406489
2022-07-10,21.049839483991686,16.863523806962977,33.06360589284967,1.0585655432196268
2022-07-11,22.22751529156337,19.202341713187185,28.728961474555575,0.953650653744012
2022-07-12,22.236368763655953,21.285349770738424,16.84343291067143,0.9754905728029394
2022-07-13,20.27295627665903,18.825962509698904,1.1749525788613155,1.024911169551026
2022-07-14,22.186707465714896,16.33841171782834,29.288415128264145,0.9529898488516247
2022-07-15,22.80224592150206,18.942403269105945,17.722876703479503,0.9452431043962074
2022-07-16,26.67586469650577,17.59972950794825,21.49507002915284,0.8903191170936168
2022-07-17,22.01044494597014,18.42700440182698,19.15550084618284,0.9190684091169122
2022-07-18,22.388936196730096,16.653730372351486,7.506279733500019,0.9342284091415951
2022-07-19,22.005524832534004,16.441102699485416,24.844521432437553,0.8820257055084235
2022-07-20,22.022442142374107,16.197312212401545,23.615587665476802,0.8832606452348333
2022-07-21,21.019664553514566,18.753405893636454,17.250576287109062,0.9390586576450342
2022-07-22,23.57151657226275,15.969464627272519,26.385432733598886,0.841633096271496
2022-07-23,20.664791974262425,15.62441541054422,8.108682773541007,0.8869193866847869
2022-07-24,20.450374244480543,14.498730889577603,19.341295845933494,1.0248869535338978
2022-07-25,20.881201127772634,17.130947951393885,22.483531413542394,0.9071849746022034
2022-07-26,21.980319522177602,16.687500837697776,5.07214458709106,0.8977457742585142
2022-07-27,24.82988068935179,15.008903962866517,22.05779115251766,0.9006315165111336
2022-07-28,20.88424832296963,14.331239185188752,30.180655770071013,0.8982923129333729
2022-07-29,19.604004432729674,19.34715898295048,20.035388953544306,0.9406396866218203
2022-07-30,19.85541961463494,11.680046954665745,22.958023681816243,0.9340619689571985
2022-07-31,21.082943214242523,16.274748929664803,29.161999643666064,0.8862301778120012
2022-08-01,19.263691411090853,17.720080025345116,19.90778580300485,0.8920535874213649
2022-08-02,21.118035222474106,8.21395434256565,21.062808373660918,0.965390293210348
2022-08-03,18.96252359829601,16.427656209993827,12.536434977645227,0.8212722840733168
2022-08-04,20.91333016262849,14.252190315388491,24.424404540007416,0.8909748895401773
2022-08-05,23.186487857946442,15.059705343160012,21.503124007418954,0.8977142393094315
2022-08-06,19.494241008692505,13.757631446854061,30.127795335298096,0.8492480045130091
2022-08-07,21.942633043607934,16.413064212248905,31.06415294179,0.8794887162445701
2022-08-08,21.689620108304524,14.848386160417986,33.641580558880385,0.8368591265014111
2022-08-09,19.504355031358244,14.247199146819414,20.954015304457727,0.9115336408900908
2022-08-10,20.243537586213268,12.04943278644955,4.585037468843051,0.8100327472321157
2022-08-11,20.99525394590571,17.476956321710034,34.088483055438935,0.927364120201836
2022-08-12,20.41102260823765,13.599314907100897,31.311445061969337,0.8679237994982092
2022-08-13,19.395753967499754,18.028048022830077,20.982284530958665,0.8465670355864976
2022-08-14,18.861045364896,17.174500128221055,33.22628379953255,0.8161523721745796
2022-08-15,20.419236095572852,9.635563970699081,13.539279826430207,0.9153782079039701
2022-08-16,20.62429717417961,11.757295809524841,38.68238764208693,0.8287506479209064
2022-08-17,21.1527837838585,10.870261886978337,25.404954134125713,0.8005208500038403
2022-08-18,17.69436600816712,12.726818700266257,20.81943710204487,0.9090377832152136
2022-08-19,18.074087441366515,13.078752500107457,23.265401788872786,0.8088731985079697
2022-08-20,20.4358135479041,13.047632827300903,27.54735141297194,0.8470314821230566
2022-08-21,17.670135315589786,14.581589076717878,30.127831726063896,0.8904068232804615
2022-08-22,20.409106890959222,15.348279410712319,31.122359407107542,0.8551201575809393
2022-08-23,24.870461813473515,14.186135084806867,26.74082322479831,0.9315657690200905
2022-08-24,18.550836905269744,11.021631020765362,33.442253636739686,0.8011225105698733
2022-08-25,19.229514277358394,10.47412363195897,31.931110653868853,0.8302378604134899
2022-08-26,23.706983131923057,11.940724208558434,25.78642669834863,0.8320451037224271
2022-08-27,19.756324573368772,12.686858538350162,24.699345259235542,0.8677541373395165
2022-08-28,20.577866004075148,11.370075321326663,39.18913370070081,0.8991603166471228
2022-08-29,19.71594881872106,8.949775533309193,38.77797161143745,0.8364957295977076
2022-08-30,18.557246020680548,12.911628443622979,34.54018680318323,0.8240669970113733
2022-08-31,17.225353443485425,10.672148765033926,43.649640295236544,0.7549859726585413
2022-09-01,17.224701903547512,10.523553250656803,15.23789179667802,0.8329906338798526
2022-09-02,17.35682510421408,11.173711464790594,29.655193592061206,0.7931437357583129
2022-09-03,18.637660703020003,10.720080126104323,24.188296714642043,0.8549193747352313
2022-09-04,18.72811345012514,10.386424662680868,58.770740467815365,0.8019043260131999
2022-09-05,19.44924705706645,8.48135647878453,43.800852860821486,0.8088002391345147
2022-09-06,16.7521920018935,10.741947042849837,36.34262202604274,0.7463154388058846
2022-09-07,19.82818707992132,12.299861282871575,45.451547554974425,0.7273064697930298
2022-09-08,19.181488188648405,11.353451749648643,49.23647220907444,0.9095326267973018
2022-09-09,18.131710095972394,12.653335656270357,49.60564030724094,0.8216260510396451
2022-09-10,17.241618803078005,9.235670644980194,48.24535914608545,0.8340719876739345
2022-09-11,19.654733910213963,8.075069578810083,36.88517310964251,0.7670089825817761
2022-09-12,18.081100321810514,10.0806886081398,34.982282437614884,0.8552239516808464
2022-09-13,18.338173200594714,9.287910962780892,30.862369542519964,0.8450846787927837
2022-09-14,18.720206987635706,9.44252006728005,45.99987843822002,0.7691424409527704
2022-09-15,17.40321200928191,10.836321266289294,39.87986702828205,0.7552811648102714
2022-09-16,18.01546667815401,9.3591334361492,37.78086053996281,0.7706795060958066
2022-09-17,19.14562798690006,7.82048519134657,37.75768446617738,0.8049983109598315
2022-09-18,19.02850509535097,9.160828577945392,57.46718461923456,0.8139317108311991
2022-09-19,19.023054453533398,10.920013227397924,52.995107216520715,0.806717590285459
2022-09-20,17.081751790632122,11.546824285558934,62.27722190736259,0.8690137671029122
2022-09-21,17.98878688937095,11.493580048366873,49.77021244919066,0.7676668470992006
2022-09-22,17.81886541513304,10.989464688857515,45.55799563748541,0.7484772704557879
2022-09-23,22.872923104898756,9.777037165746108,45.244313542211174,0.802269433046123
2022-09-24,18.535087669681626,10.898687557983713,35.80654333135937,0.7171229464097617
2022-09-25,18.349143084405863,9.982760190929383,33.907772094620995,0.836135505072048
2022-09-26,20.65520739991644,10.275139164633499,52.1088060569426,0.8058771010036668
2022-09-27,17.89589941108511,8.154757506726419,38.20292103525476,0.7837663176036687
2022-09-28,17.777591109604497,10.10857831886751,50.179324055192836,0.7807389241644647
2022-09-29,17.028851751738777,10.768535312652487,59.73502518127917,0.8457238459890549
2022-09-30,16.649421270634345,10.686791820005846,42.44185152428378,0.8439981406294551
2022-10-01,16.970099329510536,7.425795361334025,69.71750746366547,0.7876980753483848
2022-10-02,17.476364375875768,10.192614155444863,40.222154939446284,0.8295902932306559
2022-10-03,19.5112305845384,7.114535825273265,60.547430487985125,0.8432148226960388
2022-10-04,18.247913848163446,10.354853179880218,55.40923023808883,0.816926309033299
2022-10-05,18.41115356117491,8.612971405238929,63.61846220247956,0.7900396647874508
2022-10-06,18.132101826257124,13.438036153969335,41.03087778334543,0.8195933907528989
2022-10-07,18.60570601228589,10.279296697119989,75.77775747046732,0.7488618686240954
2022-10-08,19.655982612748087,11.660148970708327,51.43368956209585,0.804711697085906
2022-10-09,16.274958116642303,14.299523179869235,60.50085730959644,0.7898992453351007
2022-10-10,19.503674840148616,8.465871426949027,68.69108374597629,0.7825202197928559
2022-10-11,15.788214335495057,10.997855397871957,48.71016087814185,0.7162040609280311
2022-10-12,18.350833627761467,7.783439814013384,63.523208342114636,0.7517253490789602
2022-10-13,20.53537500338637,10.876729313783745,48.05885100690996,0.779443964739409
2022-10-14,19.046416232003256,13.752935117844237,70.24905518346982,0.8491822907308064
2022-10-15,18.762556659458532,9.003229019392213,49.18166325296127,0.8194710834857152
2022-10-16,20.41662635754544,8.527452154895736,57.670561487835656,0.8529709280310936
2022-10-17,17.738237413724583,10.160252156414323,60.84656092221358,0.8689976815890355
2022-10-18,18.90331850310354,14.480336737453559,66.12590689015019,0.8242395004880145
2022-10-19,19.076942964514362,11.979729573987449,78.46277315326586,0.8157677052156336
2022-10-20,18.007315284297206,8.67960553293644,54.750819935103515,0.7611389969067087
2022-10-21,18.127907883368305,13.454157290692109,71.14761028409545,0.9102142857432369
2022-10-22,18.05194027706718,7.291313435914668,79.949707561377,0.7411365848261113
2022-10-23,18.718128829893935,14.934745969376191,62.38828077364288,0.8191692586458396
2022-10-24,19.21398318787533,12.437484524238354,55.71026394251118,0.8561316134614299
2022-10-25,18.828373834331487,14.317402002847086,44.388576091570684,0.8581426213332398
2022-10-26,19.45382187650318,7.563123901378583,80.9955295249105,0.7594199478409669
2022-10-27,16.815783650013273,11.26874553369302,60.18858282463908,0.7976020872960934
2022-10-28,18.608594487995944,10.735913450346137,53.08595196637642,0.7801260874636682
2022-10-29,21.010907308568804,9.066227588511232,49.9788652758715,0.7225820192297894
2022-10-30,19.216384962966075,8.567277660063569,53.9886346108396,0.8297028350985751
2022-10-31,19.24745890295111,12.255245466076673,73.67228518510822,0.7889408891591526
2022-11-01,18.892096111394558,12.52089986893128,75.50408394396281,0.901782843289648
2022-11-02,19.566459219153057,14.012308510693474,71.89236107840806,0.859005930254273
2022-11-03,20.10372726062639,10.494986978071054,67.1357095328048,0.8321066792051997
2022-11-04,19.096387449521302,11.310596323343601,53.7936287246661,0.808241342254561
2022-11-05,18.157451980071258,8.923373886449735,59.38111364069086,0.8395216782161221
2022-11-06,17.681359662568447,14.866806090965353,56.04107467394084,0.8229109985437281
2022-11-07,26.947167491597057,12.02370558544088,73.25715526411372,0.8411691436431833
2022-11-08,19.615061260640157,13.431566121493445,57.31230264356046,0.9348095709066631
2022-11-09,18.460747826696135,13.606354224654247,61.214130927525794,0.7885730608812607
2022-11-10,20.21428756780915,15.115255803896195,66.9274447595723,0.835508736353431
2022-11-11,19.088968979755737,10.643052796625716,52.46448113058236,0.8814364546383237
2022-11-12,17.952038092436034,13.81211511590873,70.02468418476982,0.8283317962149962
2022-11-13,20.92657590386241,12.48026171041636,68.8741331285732,0.9296326744911073
2022-11-14,20.876902804382233,16.857183903041395,82.17053513101754,0.8868395530577946
2022-11-15,17.78118037185734,11.094831259048842,62.50654619695164,0.8193266715823363
2022-11-16,19.29911660693743,15.226286472709992,58.08386904195133,0.867872110657394
2022-11-17,19.326124683327485,13.706100287940314,67.69960508537595,0.8248778978802803
2022-11-18,21.634224823299167,13.725184516175371,60.81731280869681,0.8227565308375618
2022-11-19,19.963489195793613,13.363605263765521,72.54133653822443,0.8581013772479318
2022-11-20,18.63594871073319,16.076985463250782,53.895443417870965,0.9308611344466332
2022-11-21,21.083956977065966,14.041407791798042,66.7796737260504,0.9075463397822392
2022-11-22,19.042062949783027,10.596846314856268,63.88098083675273,0.8717846594971016
2022-11-23,20.084425767073903,16.21853965301581,79.16697388117255,0.914649960051946
2022-11-24,19.647846771543485,15.987634963112171,65.70150117231074,0.891735561497766
2022-11-25,19.930911466916235,15.227008498818046,56.75688126899961,0.8225600113265826
2022-11-26,21.503256722294932,11.935050005966893,72.40318183590104,0.8765830643498241
2022-11-27,22.162821379876576,12.386751716646172,77.9165515754717,0.883001668942703
2022-11-28,27.035728312479023,10.720761097851572,72.29462122254982,0.9275974542127738
2022-11-29,21.421050567816323,15.54060803097664,69.17501832845242,0.8640754406622354
2022-11-30,20.140168333482258,12.066746229995763,68.84670462719667,0.8496836497438515
2022-12-01,20.2499733707154,11.475788775754612,76.95831080109015,0.8959884633902385
2022-12-02,21.52175847062282,17.612222737000295,67.19319418800282,0.8689736647682764
2022-12-03,20.083428033707367,16.749020727767814,73.05397282692131,0.8880777709976607
2022-12-04,21.662851246260793,14.69815396130964,84.08658435489788,0.9032459671748736
2022-12-05,22.003966647807683,15.249613416081502,63.80432710652126,0.891201923465695
2022-12-06,20.923589775548812,10.857555660527781,76.60838032655377,0.9616040186325542
2022-12-07,22.766110088952082,17.661553811995276,59.37463499221505,0.9872760347777578
2022-12-08,20.24973544190863,14.5996571789629,79.75522534811816,0.9628479393067161
2022-12-09,22.952089159393633,16.803947663830208,67.89109435722402,0.8343074604935353
2022-12-10,19.747389856061503,11.325630047510305,88.07016047240319,0.8939564083067738
2022-12-11,24.476333529537655,18.418374842559377,63.291565382940966,0.9203321696131159
2022-12-12,21.4561832634076,15.119081465287415,82.66030989339548,0.8401817571136734
2022-12-13,20.786344535150555,14.035218855497636,90.62094337754718,0.8919514818040629
2022-12-14,21.802721968198558,16.271584484460377,68.26443325770724,0.9294442566071147
2022-12-15,21.07610989297253,15.922385235322936,70.10570636070179,0.9198548093674251
2022-12-16,22.59717451118401,19.428953650478668,69.42731587985847,0.9460408773586246
2022-12-17,27.361471826604525,16.60567680411488,74.14680752411527,0.8798879229129151
2022-12-18,21.393179943913573,20.338506393167233,84.30721954838316,0.9292513292629682
2022-12-19,23.054791674153172,18.441070101536486,73.5768866288446,0.9632111849354957
2022-12-20,28.585173123039706,19.737690775738546,68.15262014694387,0.9594891735975195
2022-12-21,23.68682118401239,18.113399995111784,59.27623111020712,0.9846993369137452
2022-12-22,23.159770646020206,20.831186522864986,95.57607826780577,0.9851700892635811
2022-12-23,23.90963921800891,16.14966381279183,96.44563627405739,0.9487828874294353
2022-12-24,22.801259236792564,18.85446119385599,85.31834395885126,0.9785501897311029
2022-12-25,22.578803177648485,18.00504789214364,71.67862472948235,0.9359587362853775
2022-12-26,23.920608948820156,21.762239984540265,87.3171457486621,0.9658682445591484
2022-12-27,21.88712748475434,22.138420821944372,89.3760144229689,0.9300261666550251
2022-12-28,21.543163534254823,19.312818250451038,77.38642784507023,1.0395107362533489
2022-12-29,23.371939679843692,16.900781125575843,80.37368992864319,0.9760013515288125
2022-12-30,23.078295335027473,20.50997851735587,92.29990431708606,1.0463128499868537
2022-12-31,24.112766551002366,16.498646968374103,63.5909416057094,1.012132132203255
2023-01-01,24.741551424314004,23.252285597566235,89.98422823122173,0.9557168869171887
2023-01-02,24.27408085993031,19.22579342028626,76.90401706270835,1.0159980011812428
2023-01-03,24.844011369940468,20.283075789392452,68.85643900208063,1.0473702355789412
2023-01-04,24.244150669448423,19.15429452061901,69.6569397557109,1.0064448938645247
2023-01-05,24.5086078823327,18.884461094621567,71.28168781400669,1.0174619529775262
2023-01-06,23.98816678385496,22.334230620468574,67.7882380470262,0.9896200943297354
2023-01-07,24.660553948252346,20.713783620371686,97.5540143412358,1.0218255008133539
2023-01-08,24.452693053060283,21.28704552683989,84.69449105874222,1.0359365184199778
2023-01-09,24.70157065709539,19.365005562694975,90.36080110005237,0.9985149637167275
2023-01-10,24.299820070234567,23.25520665363689,85.26436288607772,0.9768969672988734
2023-01-11,25.365394921378684,23.628510912088505,80.16887928738356,1.098657153815455
2023-01-12,23.935680999381272,21.464410124673297,80.21132140969634,1.067851367267886
2023-01-13,24.71717347843899,24.586889265349967,75.38707600990884,1.0136379947051546
2023-01-14,26.136391465228403,22.010966821592607,76.09411220331413,1.0553671654587358
2023-01-15,23.96464200710862,23.946238652637135,65.0519678183596,0.9738056198175404
2023-01-16,22.83992101382831,19.30767778950168,89.82369591856096,0.9522171103277197
2023-01-17,25.4562479539685,23.42644330831388,60.736939463594005,1.108598285880711
2023-01-18,24.92045767404954,22.341861393592215,68.1384497453592,1.0691740435891985
2023-01-19,26.275468363653285,23.36025709847289,98.69166858151802,1.058599121457027
2023-01-20,25.22083322856483,23.434061428235296,79.77136142293053,1.0758867925791207
2023-01-21,24.83327542640725,23.626628640295095,80.01662397568741,1.2288111628648077
2023-01-22,25.44756321506364,24.76816268048881,84.43442395707174,1.1141899887475404
2023-01-23,26.701691301066578,22.566898165694774,62.470867410881276,1.0216728952593943
2023-01-24,26.26868665841041,24.994792581507355,63.741252800514395,0.9931138616527051
2023-01-25,23.343537689481828,26.47992965829554,73.02698518253015,1.133024386009165
2023-01-26,26.046735505148348,21.35165401616251,68.2309195447082,1.1262435132339634
2023-01-27,26.179640095153562,22.76667572904566,76.29549087386252,1.1153081568876082
2023-01-28,32.72914500271798,23.005222566401727,81.67305084859908,1.0490019168031124
2023-01-29,25.49686146294566,22.45141111012658,90.47374912473012,1.1108743236747687
2023-01-30,27.38320107508539,23.837942861883768,84.44968593892254,1.0595795095859843
2023-01-31,27.512911698934747,27.003992532399447,66.14491456350879,1.1318942043330436
2023-02-01,24.145194258434653,27.98188328754589,72.07918969719192,1.1508670341340377
2023-02-02,25.6291185590863,25.446506013148493,69.09287392054316,1.077509483531633
2023-02-03,26.360295206405777,24.731579693686594,65.12263733051999,1.164191542368431
2023-02-04,27.530684769554764,27.13020106983751,62.56492202837879,1.1162296826116591
2023-02-05,32.95019771278858,20.939080574406802,91.36081404997205,1.1379340118803227
2023-02-06,26.05040756710407,23.697645790331677,74.52780523757306,1.0506783865062195
2023-02-07,34.37440035470989,21.30400605620781,71.87553678893714,1.1305560626898976
2023-02-08,26.67104826502463,23.95336926644037,78.64972393450746,1.0879161546522917
2023-02-09,26.83783288304937,24.686432430604658,78.82686414772766,1.148141022388882
2023-02-10,27.00000307104682,29.30968676477714,84.35295407203913,1.2004445936605987
2023-02-11,27.672456246013393,20.964171678037843,65.39651162615557,1.1442019226728142
2023-02-12,26.859623489537608,25.782940981954116,76.52201420486526,1.0872841783267966
2023-02-13,27.92416458681194,27.983569132685652,63.03805085658495,1.166212028355468
2023-02-14,27.232194867711268,27.691988998774864,69.89664630566966,1.1574999907341195
2023-02-15,26.30527504884036,29.91805953758626,72.00762725290936,1.242821752730345
2023-02-16,27.401506805713424,27.438669180010923,72.62066418226533,1.1550297225014021
2023-02-17,26.488006788334346,27.984996743921407,71.80841270576107,1.115455058097979
2023-02-18,27.60807190459587,23.677156566034757,78.34675349684986,1.185615465875116
2023-02-19,28.45933436771424,25.493183160611935,63.975778029170876,1.1430105139240314
2023-02-20,26.617900036390694,24.017648597889572,71.37371260539611,1.1556737111813011
2023-02-21,28.116347540224133,28.839364484667584,61.57343426634179,1.10745916385801
2023-02-22,26.982441797000668,28.500339414222246,97.9698428484162,1.1499374295739846
2023-02-23,28.07142884370043,28.5365325021348,59.227948860425435,1.1597293662258772
2023-02-24,28.787009682893864,26.250743664830612,60.938900888731965,1.1538547838480913
2023-02-25,25.853182220926765,26.169491031440277,76.35542597898224,1.1327634436799312
2023-02-26,26.922906939640725,28.633659397616977,62.81261734574203,1.1787067671777476
2023-02-27,27.721873686719114,26.972934158115805,75.51098437672164,1.1200605044310696
2023-02-28,28.458132517354002,26.3653749286803,67.77906055693832,1.1101739511006958
2023-03-01,28.027702128279316,27.48139217275914,61.78043859373326,1.2054402268418276
2023-03-02,28.197939009398095,27.26615551068741,57.843588872604954,1.202640300559525
2023-03-03,30.335266298999237,26.941117598039053,57.037033050846716,1.1081110469119018
2023-03-04,27.127001246871988,26.30738141792723,60.55202222770913,1.0837005887072255
2023-03-05,29.520822566079588,29.738054636111446,62.2768133312921,1.1263763997188443
2023-03-06,28.079928605143323,32.03191234354959,55.24335368373041,1.1719813195682498
2023-03-07,29.02262914075995,28.918300295285118,62.00721265681651,1.2376436526687238
2023-03-08,30.64401561975878,29.515006401966215,51.69187319720262,1.1737655341699011
2023-03-09,29.244317964612094,30.214035587056742,69.72178401676346,1.1443575452006651
2023-03-10,28.967352148373173,29.942844391552583,71.16253748052333,1.19162356899748
2023-03-11,30.231830753045354,27.581592179158,54.16833954162881,1.1798075309533602
2023-03-12,29.793984788707817,32.77806471043442,53.129216613841585,1.117717080391935
2023-03-13,27.904886213548043,27.88393955206303,62.02629114513442,1.1192180673424434
2023-03-14,29.032506679589563,30.752140603592238,72.4139234716751,1.1217094023796639
2023-03-15,27.05278684733501,30.570947777637365,74.13714647378012,1.3142038800044278
2023-03-16,28.261020744585277,25.645465181649783,44.75058283663776,1.2342460373320618
2023-03-17,29.14470188696136,28.893605004897164,68.34595748943934,1.162540153847692
2023-03-18,28.256594335493013,29.770656280172883,57.16982053274211,1.2485613286724175
2023-03-19,29.15868635522946,29.966941641363643,56.863594658272696,1.1656099699872282
2023-03-20,28.897117660209062,30.34384558275774,61.83059422175425,1.2485791108831705
2023-03-21,29.47065843992333,31.293809160936522,51.46986467473032,1.1995849911546042
2023-03-22,28.532333329329933,29.798033974174533,66.74055378020802,1.1633187315644569
2023-03-23,28.03722016932375,30.55397330355681,69.5055674303409,1.2308857806418672
2023-03-24,30.47487403814319,29.7835852503951,69.3696243284464,1.2043458671149816
2023-03-25,28.51896573274682,27.86465763736398,35.80706097385851,1.2178998876264369
2023-03-26,29.69112164020678,29.987024976918672,51.43780522931936,1.209219793042792
2023-03-27,30.481336560942296,31.440358757445658,33.86913455184731,1.2090943200223367
2023-03-28,29.222264979733428,32.17676672642252,45.05474768149782,1.239211493633773
2023-03-29,28.215318296097628,31.047881046169962,28.217865185645774,1.3286553370625145
2023-03-30,28.903567131230474,32.65305486345424,56.18017604941296,1.2621266792585908
2023-03-31,30.108790972805167,30.830229607214793,53.35476478256698,1.210832260262089
2023-04-01,29.30509005563732,31.72544466313658,46.319471857519034,1.1844233546509995
2023-04-02,27.899811906476675,31.874689695921475,42.21762504338435,1.1899614020471383
2023-04-03,29.7062271268074,29.552465504779907,52.753007361286436,1.1371768670004252
2023-04-04,29.88226287248779,31.44746967200891,38.982170140881806,1.2331364332651324
2023-04-05,28.759086691807234,28.10750736056851,37.78573720265382,1.1490298085340895
2023-04-06,29.724830179931708,30.67879629375165,36.04058449717341,1.1809607165706153
2023-04-07,29.358313104231318,31.120640670878608,45.511298832700845,1.232849215495934
2023-04-08,28.91309701686145,32.05324335240564,41.21232014268625,1.1871547970303133
2023-04-09,27.812748502743407,31.574087100636756,42.679581827498325,1.1740369703270201
2023-04-10,30.17852421507303,32.03936900660398,51.227646204161445,1.1383487784934088
2023-04-11,29.852598951081536,29.688015242070563,55.131304098255434,1.2580018546617087
2023-04-12,29.668627044194466,29.168695190298212,59.49325908389532,1.1555285367201222
2023-04-13,30.619158763578003,29.27946800402859,45.081419229952516,1.167291519048599
2023-04-14,30.00826218524104,30.328704377352164,47.44917437170866,1.1063362673374049
2023-04-15,29.736618759313405,26.14261147503918,45.35676665941322,1.1942090577360789
2023-04-16,26.822363635118478,32.384695907079724,26.22340132474872,1.1777588950077345
2023-04-17,30.216583866922736,29.76712454989859,38.76732752374452,1.2026804524532335
2023-04-18,29.0854332571028,28.804702320971252,38.31458861772816,1.1339625258649513
2023-04-19,29.296080765193626,24.52774574866205,36.36109612387382,1.2284526030742162
2023-04-20,29.282738172845615,29.463182953947896,40.56601248474165,1.0987756716837833
2023-04-21,29.715640643703136,29.0866627699702,38.289455810183505,1.185063441003314
2023-04-22,34.7536020316465,27.633518572613696,30.13266899320381,1.1943266428350632
2023-04-23,29.528647874536382,28.0227197727003,38.00031680399267,1.1902649695943905
2023-04-24,29.343905244509788,29.253966021489465,32.63782032423158,1.1940325297656091
2023-04-25,29.072966350261037,28.066434302755564,12.356896122831287,1.224291728651662
2023-04-26,25.461307613392293,30.319592392950646,24.10302636841869,1.2497516604605312
2023-04-27,28.495432131020895,27.60847912365414,38.49078502464373,1.1743405296031963
2023-04-28,27.810189494272773,29.342774882288396,48.052155004166565,1.1322790287079563
2023-04-29,29.929935992613625,31.318483644971426,12.396622080078942,1.2072037222616196
2023-04-30,29.30432381143376,28.807381501169832,27.504101478900303,1.163599495288689
2023-05-01,28.191924032653944,29.51207628765485,40.06600617793611,1.2392334263758162
2023-05-02,28.255814411277363,29.302365961894413,44.0810946446599,1.1442429330232582
2023-05-03,28.18172927694713,28.647415079733648,30.650032742594213,1.1297278811783433
2023-05-04,28.12478469443022,28.409207413611256,27.57986205112386,1.1780541214975992
2023-05-05,27.051687843240515,27.309742130630806,46.165930750472555,1.082028921908763
2023-05-06,26.793347903815416,28.66127937530201,41.49563831144411,1.143813660195813
2023-05-07,28.44081776600129,27.697006969560164,41.69166225251261,1.1487788109143646
2023-05-08,29.443004396588936,31.25756085092858,28.000611478540755,1.1743312263278174
2023-05-09,27.78471003417686,29.68708598142927,43.399099030929435,1.111482384450679
2023-05-10,28.579359069837125,25.056236846049465,12.397630581897424,1.1152615491431257
2023-05-11,28.962510192570303,25.062182554350994,42.75215881871505,1.214975655550563
2023-05-12,27.18604200125135,27.487920675591685,30.371576129960676,1.1543037355441257
2023-05-13,28.10946763523281,26.848275173025936,31.928898515591648,1.1960095817532566
2023-05-14,27.41181365638653,27.160280438876235,20.79542587828378,1.1234439954372286
2023-05-15,29.632229546074278,28.71454302979059,11.721937791892572,1.1455218540486756
2023-05-16,29.535247277294552,27.927047338619587,30.559458829178993,1.156638232168758
2023-05-17,26.926041728504963,27.78802759767593,34.62265872800782,1.2309131281163554
2023-05-18,28.24880243362022,29.948225432062575,35.768123500253886,1.1302358130128618
2023-05-19,28.874005435247383,24.15502916052363,34.327771471630065,1.130342800691377
2023-05-20,28.597196547761413,27.015611763067962,31.706794802127217,1.1910623332822403
2023-05-21,27.77188235605204,25.522533546240833,18.4390174419296,1.1146222009184523
2023-05-22,28.93733924780978,29.42243514376957,35.00996130301995,1.1452627310254548
2023-05-23,34.280560036185825,22.001843920718965,16.644011946241978,1.1789589029682646
2023-05-24,27.20572112858448,21.956664974532334,37.742727951442525,1.0969604693342196
2023-05-25,26.56878058005707,26.762118592329387,25.51102963702253,1.1400800423168485
2023-05-26,28.165613810825242,28.268833750897535,25.529526614754246,1.2076023481522353
2023-05-27,26.736289387162905,27.42436116555882,34.38875635180258,1.163622952900402
2023-05-28,27.082612164084534,24.135761092407826,35.44423965529898,1.1290011070651054
2023-05-29,27.80561668031664,28.60873606810494,32.8432841742663,1.100701786890404
2023-05-30,27.81945210648108,22.98946688821811,16.647030347910118,1.0788321736443887
2023-05-31,26.14652389455441,27.922268860706016,32.200467817600575,1.056736713470596
2023-06-01,28.041967238852056,22.962167409442237,16.1555740232654,1.1786936762014544
2023-06-02,27.37189873589613,24.308769789783312,31.919796386380412,1.1660219149576552
2023-06-03,25.76466069596306,26.141266146800756,9.53415493104497,1.0643988175447097
2023-06-04,25.448081642612706,21.779179414946302,22.601758631940736,1.1111162514386796
2023-06-05,26.688713757280226,27.49711373016612,15.090261311902987,1.0967476636270073
2023-06-06,27.482687911069284,23.689300180702325,31.767054718453252,1.1473245299363029
2023-06-07,27.435717562248747,24.524555671052113,33.9958720441482,1.1041401279089782
2023-06-08,26.84294667130295,26.417961166237717,24.61872239879751,1.0807302537266068
2023-06-09,26.461626221609162,22.349652076230374,24.082512347820536,1.0516337752165095
2023-06-10,26.850277495098833,25.898707024550436,29.26402790899587,1.0925849852970846
2023-06-11,25.40823813925958,26.89820444908241,33.24247240425577,1.0549336175978223
2023-06-12,27.875049426379057,22.144965132048178,22.221789994395692,1.0801567097906388
2023-06-13,27.785980829245176,26.0328601674379,16.67762148549422,1.0620831424719905
2023-06-14,26.464347519299835,19.609913220875075,27.98113958066194,1.0439968141936584
2023-06-15,26.155864516360307,23.746328982324037,2.7637236434056334,1.0107055251731072
2023-06-16,25.469732403336714,20.345109720584553,30.29853470579593,1.0817558976772084
2023-06-17,26.332076309439703,24.52179202435246,13.959705234845586,1.0548616156145532
2023-06-18,25.033793531387904,24.191133901653764,18.527426565543323,1.1387754788695086
2023-06-19,23.422916320157533,26.457816693488613,29.966963114185255,0.9944438921272422
2023-06-20,22.8534972767079,24.97777512030297,16.536750052787646,1.0739690926996088
2023-06-21,24.6888661158044,21.635186502732868,27.06001397489908,1.0352022545573836
2023-06-22,25.565211051546086,19.63417088265794,31.877808727535854,1.1409412370614405
2023-06-23,25.661006798646074,22.759444288723955,21.500592913725345,1.0600099984407767
2023-06-24,24.762238976090092,21.336529148427772,23.435055439136132,1.0453942684657294
2023-06-25,25.310576054405818,24.389791863717235,19.055321663584117,1.0217445137418255
2023-06-26,24.814066678553946,16.783828384385394,21.343582557551862,0.9871757486910581
2023-06-27,24.008370991435864,25.32148101674926,8.970311028065424,1.0344769895954866
2023-06-28,24.8731878871982,21.837846007558255,17.1525840366688,0.9463621653898548
2023-06-29,25.659023499194607,18.97610853021717,7.172377896019043,0.9452284510439097
2023-06-30,23.811049417276337,21.898200784882448,11.040104301659115,1.059226368442381
2023-07-01,26.89988338934895,22.85302724485075,-0.019489662036960453,0.9170574810932236
2023-07-02,23.533784390491295,20.314763751494283,22.640392761560904,0.9857427214631962
2023-07-03,22.585446281048437,16.384089262823423,36.91713288028617,0.9458222760593142
2023-07-04,23.960705424717315,19.154121525034455,15.448943193278952,0.9747127773350902
2023-07-05,25.07397494792989,21.64856777603899,29.679112452656895,1.0006228185160615
2023-07-06,24.45284969700481,20.391196694796843,31.311362126013396,1.0371851090750506
2023-07-07,24.028816719776376,18.91312114599462,8.098592558766843,1.0454043836399434
2023-07-08,24.246381049154174,21.67126416361088,10.296419650657521,0.935144989078619
2023-07-09,23.54772347696237,20.362021610447652,30.095583470436733,0.954370101744323
2023-07-10,22.00837247547362,20.345196537350873,19.32626677310278,1.1768778706200815
2023-07-11,24.659722797215192,17.72073864683965,7.412685219383086,0.958339426319257
2023-07-12,24.867089509092068,17.357162507122638,14.031666143964213,0.9233280576125015
2023-07-13,22.98801029530441,14.802414701378344,24.685323634912354,0.9282566447178158
2023-07-14,23.48579993042556,17.51448759018972,12.646558448102702,0.9484584262258182
2023-07-15,23.320396251740863,19.735574953198295,-7.053523437659393,0.9376589487726178
2023-07-16,27.333733473350915,17.28875670366271,17.586318110923774,0.9422203597941342
2023-07-17,25.089782554221618,18.420855888248667,18.51977328971584,0.9495242362174849
2023-07-18,24.48146378164927,19.585743786026487,21.153839070705967,0.9458465083397403
2023-07-19,22.866932398590027,17.943359231605108,33.790853043102956,0.8961795400965972
2023-07-20,23.70889976513279,17.973901330786713,21.88622533333279,0.9591239872031088
2023-07-21,24.343821663893575,14.153284666566607,23.937838260514138,0.9434309393068685
2023-07-22,23.42130275327212,16.06078560955073,32.22974447146822,0.9589473870825901
2023-07-23,22.93223903220616,19.99712988628585,21.952118406131707,0.8451548347795954
2023-07-24,23.30743144101836,16.59045705489454,43.396531057665584,0.935499466038621
2023-07-25,22.083188651416705,20.016396711953504,9.585173744394481,0.8251785911641062
2023-07-26,22.15476749261359,14.617865972157446,13.079943777363237,0.9125033999448778
2023-07-27,21.574185970720798,16.374335316112877,28.7683413435863,0.9510256228745297
2023-07-28,22.872062816722483,14.984639725200742,35.38733963264444,0.9672888895862078
2023-07-29,22.36100317222528,16.778781526744147,21.059748225286757,0.928619246334751
2023-07-30,21.597348471109623,17.23095040103565,13.192960999065651,0.9425881980629576
2023-07-31,22.185023050010177,16.493337114663163,41.14845510357791,0.8908178503611043
2023-08-01,22.748634725219723,17.22097721640916,15.862097943624466,0.8772870700820139
2023-08-02,24.123503238769118,14.961235888497598,27.431326880433588,1.0343895454370313
2023-08-03,23.1517559096246,14.45831935451413,37.44498823644772,0.9381455373900903
2023-08-04,19.787201901708002,11.176313503828741,20.157720079004825,0.835204797794344
2023-08-05,22.24310627411709,15.824497484922613,18.630330470899647,0.8042187162152201
2023-08-06,23.366377950661967,14.748475560378544,19.600019964468252,0.8648286750647858
2023-08-07,24.81334282853646,14.126447845831688,34.44506596570525,0.9448389717345683
2023-08-08,22.35763300875006,13.740512666166582,36.33096722077816,0.8848799072429439
2023-08-09,21.505237498344346,13.910000245063205,26.373872731030303,0.7684741962369515
2023-08-10,22.828867531099526,13.374681737370903,45.18167085578155,0.8680784088478394
2023-08-11,22.02044312203429,12.656304176915064,26.991751183492433,0.8741273595684058
2023-08-12,20.670710979257972,14.058630629082694,39.923567562676894,0.7508056883794131
2023-08-13,21.29336673566395,14.416754665775052,23.0151845353102,0.8701770361606924
2023-08-14,21.29298500288471,11.778225529092307,51.01444714091481,0.8157188267777271
2023-08-15,21.252954737804874,12.390794766855063,43.72649200738974,0.7720679975651811
2023-08-16,22.437856810340378,12.657944228600499,27.100239158098983,0.9415691336308748
2023-08-17,20.419462028073887,12.953790513681804,43.086601739236194,0.8060031679393183
2023-08-18,22.209666741281385,12.566859924068863,42.948518143813956,0.8231003804919939
2023-08-19,20.849962553646055,14.023866858447933,45.0128281141881,0.8200593448793689
2023-08-20,21.32240105208619,9.283045860106423,5.042337915771,0.851867535376496
2023-08-21,21.119043448621,9.523257327999685,37.44146695196687,0.9377821648463921
2023-08-22,20.973751597965457,12.748252670601737,36.062544296170884,0.787412933930095
2023-08-23,20.931976958719467,11.045787890674005,35.74763047381411,0.8296830160041618
2023-08-24,22.354109282877445,13.911986060760471,33.6233222361039,0.8489131229355769
2023-08-25,21.69153560599307,14.37777326735096,34.326430705679726,0.7973238398855019
2023-08-26,20.43988457881536,12.402694889636393,45.09355970707338,0.8225596905068812
2023-08-27,22.340096996892512,9.690669652992483,38.0759852403819,0.8664173800482947
2023-08-28,20.987910080373307,13.845645045215027,35.27454270907605,0.7969439109198935
2023-08-29,21.027996862230715,12.038550530114293,44.92852139981458,0.8158827786797637
2023-08-30,19.79143563390329,8.573637481415124,38.14908503568938,0.8093824921834228
2023-08-31,20.090890492845723,8.659739006371357,39.54336990886836,0.8239452319933176
2023-09-01,19.860785851823263,14.402472298918173,53.521539446466676,0.8395291601211797
2023-09-02,20.597541271447067,13.98520863942924,30.954332881631757,0.8549867746634795
2023-09-03,21.11372205958053,6.165591676072156,20.59436445397606,0.9208752743034099
2023-09-04,20.806945686274748,8.40384498318932,36.931652926344825,0.6894647138813907
2023-09-05,21.99384770239504,13.323318083894227,38.81408810643121,0.8124625748927462
2023-09-06,19.485462983165345,10.929456799967067,44.34853215719735,0.7511070359229537
2023-09-07,20.456845893067797,12.29765227004202,38.674800913132515,0.7986105739486115
2023-09-08,19.029142540404735,10.700258247209867,45.62490801124893,0.8605266413228251
2023-09-09,19.36167541743127,12.066077758211474,63.59549019471592,0.8750314816685002
2023-09-10,21.520958722148567,10.704427782951075,47.043467483852,0.8760909426333245
2023-09-11,19.76742840205138,9.755970023531757,49.283729352977794,0.8743883564834349
2023-09-12,19.40283048698763,12.689876225925417,38.700622555230005,0.8027510177408945
2023-09-13,22.189970139506134,10.920493431929584,26.63169044725374,0.880254197732924
2023-09-14,19.348240369058853,11.767967466182675,17.99428989963254,0.8891062904042029
2023-09-15,19.936130640868537,10.727717680048569,36.28241856021272,0.8151964593296162
2023-09-16,18.765244297393046,9.392580727258888,16.161854285483567,0.8661677203655485
2023-09-17,19.84252769589721,13.537400792473745,47.599788333648135,0.808474294321016
2023-09-18,21.36004007751292,10.988754543224719,39.13708846863913,0.8760879864517317
2023-09-19,19.367641906509828,9.529797204932018,30.334554423351562,0.7967147280053485
2023-09-20,19.118548492402617,12.760522024182537,45.28202454556713,0.7736012375862429
2023-09-21,18.926465773234995,7.529086932442262,37.09372751385158,0.7474151180904227
2023-09-22,18.898495157665046,14.613085801953668,49.49621377144411,0.7941289183453514
2023-09-23,20.567189495726726,9.754924582349739,52.57460134788544,0.806483891669947
2023-09-24,20.07309841691578,7.552830945298702,38.99121717408968,0.7544845541325114
2023-09-25,27.606050563250506,13.879314204240984,44.14915020123179,0.7888432071967342
2023-09-26,22.03431133615077,9.122611662847444,49.184353376396004,0.7746514723088223
2023-09-27,18.18131435932,10.519900122169556,33.479286004662995,0.7468194423326405
2023-09-28,20.39049290411481,11.456209874225008,50.212821745290576,0.8522108009046008
2023-09-29,18.89198208764127,12.379547899469955,34.27017186953309,0.8608192370382824
2023-09-30,20.801167894596663,10.604086320569557,54.75356065012143,0.851662377777144
2023-10-01,19.743504705652875,8.706202596792547,45.261054491467696,0.7958088787379775
2023-10-02,20.047369062183222,10.438077649306083,35.763678808445036,0.7988827117831684
2023-10-03,18.742980062170737,9.16368388953765,44.84574693167846,0.7468876318170543
2023-10-04,19.607322918688418,10.505523240332213,45.78492261483083,0.8208816425141302
2023-10-05,20.132485145330435,13.27194487995807,62.36271853688744,0.8087945010781681
2023-10-06,21.409453281265932,11.538600652206032,53.92590088980026,0.9427323752046529
2023-10-07,19.270844491855552,10.454102914724887,43.14477372527988,0.8551713188713513
2023-10-08,19.528218893999927,11.53480259627316,69.71210327192972,0.8169186649497523
2023-10-09,21.038178595092617,11.697939209639046,59.999281931709206,0.7994750925667473
2023-10-10,19.250997240863924,7.94492684318902,50.88298517071471,0.8520788278363907
2023-10-11,21.270637932004195,10.209950998491534,39.21843969614383,0.7567431780021766
2023-10-12,20.13854434151328,15.280317151144109,51.020008917840904,0.8600871272502831
2023-10-13,20.471590610233797,12.612577267347639,53.56841661254818,0.7493815309338131
2023-10-14,20.558280594981085,9.21464546662103,59.96976269339398,0.776354138838132
2023-10-15,19.598277170731286,9.052579656040548,62.856035661845155,0.7132709339952928
2023-10-16,20.62956721021486,9.026309335133721,65.35131261698535,0.836691026782153
2023-10-17,19.493930527411425,12.075240523975568,41.67067960370854,0.8193484637821885
2023-10-18,19.792248076539618,13.603984003509428,60.367957404556506,0.7796998919872387
2023-10-19,20.882516833073748,11.601985823041058,57.18185181651833,0.7622960951328279
2023-10-20,20.648111374166135,10.803759536786098,86.05028259294718,0.8787248080759725
2023-10-21,20.31205311202524,9.655725410463026,60.40720693232308,0.8042005256344128
2023-10-22,19.161988061027508,11.260185711748093,54.0205910904219,0.773664019685592
2023-10-23,19.44665556653574,9.021384271578322,61.83463573216285,0.9093292024163161
2023-10-24,20.769000626009,6.8530520697855595,61.12590856360642,0.781638517327075
2023-10-25,26.334807045920083,14.063938503058553,41.79852041441349,0.8727365960293625
2023-10-26,19.459714554552573,8.847094777422441,66.24581648497828,0.7596248741624045
2023-10-27,19.77010568853465,10.280197124634999,59.52744521709684,0.8008499259291242
2023-10-28,20.7860308259165,12.316406204736142,62.83262480707669,0.8451883873386705
2023-10-29,20.80788113033135,13.949120274096614,54.82648077906349,0.8187118832278889
2023-10-30,19.115705241522136,11.673586205403595,53.08163421261764,0.8353746490869797
2023-10-31,20.947104487718764,8.8536609732359,73.26405559359291,0.7978799166699508
2023-11-01,20.234350416121796,10.722743553320928,76.00996523164366,0.7466189214591008
2023-11-02,22.52222683834994,10.055389607191808,69.55212841822505,0.9015260275630749
2023-11-03,21.180113085098014,11.425407029782074,47.70435525367479,0.8061451628257909
2023-11-04,26.521365733805936,14.0577848861945,71.07946821229272,0.8463269416497214
2023-11-05,21.481506170361577,6.6135165442021595,48.7211575863445,0.8688637493084549
2023-11-06,19.87368985283536,10.96245480692086,60.49551243247089,0.8511425995550864
2023-11-07,23.08618159807179,10.916510137152335,76.18452969642338,0.8022626248516167
2023-11-08,19.575283311675445,9.472866428461955,74.5214122492224,0.8977160304626532
2023-11-09,22.050974857915858,13.261524919931457,72.92626568339641,0.8674948273998879
2023-11-10,21.932184682126767,9.36708974554014,81.8913437287552,0.8538795123031061
2023-11-11,20.895923485667343,9.70606317256796,74.76263413562504,0.8548962748025066
2023-11-12,22.099921274320582,14.11908034325561,49.36677762595258,0.9324519555171404
2023-11-13,21.17756636269349,15.531421860959787,66.250353476365,0.8141024714980316
2023-11-14,20.882453440324294,12.493636233136225,69.91235909409005,0.8736793868255902
2023-11-15,22.091338977873363,10.328767379062342,69.11778437959542,0.8288397177608086
2023-11-16,20.680155897503223,11.472325593625746,64.90447247405079,0.7608533852266447
2023-11-17,21.528453205984192,15.02142062397361,61.13864024665284,0.7619716083465263
2023-11-18,21.2255594151517,13.362348809090102,95.80567543765011,0.8118576278064306
2023-11-19,21.55180239626233,13.053486257906705,68.26234236803539,0.8321891179327963
2023-11-20,22.389555507918793,14.009753237403512,96.0108125698816,0.9763205638195875
2023-11-21,21.43248582247889,13.438384502599304,61.4202237122627,0.9051935095083082
2023-11-22,21.905514582476748,16.737101586416657,79.73529822256499,0.9123306908649355
2023-11-23,21.666621005894076,12.281245986204114,75.78581727421056,0.8437367249993084
2023-11-24,23.686612314998907,12.187313065178296,64.58765299791378,0.8813709844529468
2023-11-25,22.658978963410064,11.285826094255036,69.44226775677777,0.9963623118451577
2023-11-26,22.611068265697718,13.112021994010618,74.27008211163685,0.8231190616203616
2023-11-27,23.149909723167838,12.149031487756517,66.27652400106538,0.9094715886101422
2023-11-28,21.948688857387012,14.911797885629248,72.44526721480283,0.9700777257119892
2023-11-29,23.47923136730834,14.661843015667284,51.639221866737316,0.9406961199659519
2023-11-30,23.044099709004985,12.607692926208532,82.67748553572665,0.9853938592231514
2023-12-01,21.215754377985405,16.091569279534884,88.10034721789773,0.9089090740559351
2023-12-02,21.42809141609934,18.095870232659955,80.63131875538488,0.931417541227359
2023-12-03,22.364033746636977,15.928338296184137,98.9813838204044,0.9097419513163605
2023-12-04,21.696242149620577,10.277500925060545,83.40308092202308,0.9339572237764089
2023-12-05,22.860574830598363,19.491968523936098,88.2456542833533,0.8645938110367467
2023-12-06,22.167384045831973,17.1660910126378,89.42867884905762,0.9530623019370976
2023-12-07,23.16630893386751,19.74090048025375,49.75439555432877,0.9312736951158898
2023-12-08,24.75926942990158,18.166567280239917,81.71266063551423,0.9228353704715323
2023-12-09,23.38230606522577,18.724396775305024,63.84983696204679,1.010186900642071
2023-12-10,23.21341283064469,16.713288358295408,66.06520782638714,0.9127858214666261
2023-12-11,23.989862036903485,15.938646753856617,67.99130576137529,0.9896558772957473
2023-12-12,22.990965709106824,17.37173337952318,75.11236152521164,0.9978593499361651
2023-12-13,24.61706600093417,15.369733222583267,84.91423219965922,0.9785232868908
2023-12-14,24.35560682984266,17.81854945523756,82.91122552197895,0.8907607715319129
2023-12-15,23.986453397645526,11.861603156492503,78.5987418224752,0.9602574282910362
2023-12-16,24.189525043963062,17.366282915087776,86.09610673568407,1.0435320835497541
2023-12-17,26.164979434981916,20.135819289042395,86.84029762407935,0.8580016642424274
2023-12-18,25.153948380238116,17.801889497798424,83.55924344882196,0.9428825220839998
2023-12-19,26.499919066140503,21.23575034602031,62.00688810696798,1.0137311233825768
2023-12-20,24.921507693949348,17.421464225616585,71.9688745054402,0.9532130700368939
2023-12-21,23.00717500811308,20.123034727543196,79.7270465154665,1.0028490488800443
2023-12-22,24.306360576228776,16.5305284108385,86.89113203409268,1.0362009225936608
2023-12-23,22.95825102213053,20.38082503246795,66.35488339267107,0.980738550024584
2023-12-24,25.276909174100595,19.092402095322985,79.60252166621387,0.9979937716201241
2023-12-25,25.584363972848635,18.358418559321013,64.12621710983768,0.9805519376991394
2023-12-26,31.60283756101836,13.821218795396803,90.09930445453841,0.9942699546090287
2023-12-27,24.364539626665906,18.63159846101442,82.31241803168547,1.087937161997324
2023-12-28,25.259738762223606,19.738881770536402,66.46754879963814,0.9830420900055032
2023-12-29,24.003797600619517,21.141222198207306,66.43271911061134,0.9720183646580705
2023-12-30,24.01973217264374,22.77768348197068,83.85654073803374,1.045203389126439
2023-12-31,26.622565267261947,23.89793184117347,93.74354432190513,0.9544112121567434
